-- MySQL dump 10.13  Distrib 5.6.28, for Linux (x86_64)
--
-- Host: 127.0.0.1    Database: lepus
-- ------------------------------------------------------
-- Server version	5.6.28

/*!40101 SET @OLD_CHARACTER_SET_CLIENT=@@CHARACTER_SET_CLIENT */;
/*!40101 SET @OLD_CHARACTER_SET_RESULTS=@@CHARACTER_SET_RESULTS */;
/*!40101 SET @OLD_COLLATION_CONNECTION=@@COLLATION_CONNECTION */;
/*!40101 SET NAMES utf8 */;
/*!40103 SET @OLD_TIME_ZONE=@@TIME_ZONE */;
/*!40103 SET TIME_ZONE='+00:00' */;
/*!40014 SET @OLD_UNIQUE_CHECKS=@@UNIQUE_CHECKS, UNIQUE_CHECKS=0 */;
/*!40014 SET @OLD_FOREIGN_KEY_CHECKS=@@FOREIGN_KEY_CHECKS, FOREIGN_KEY_CHECKS=0 */;
/*!40101 SET @OLD_SQL_MODE=@@SQL_MODE, SQL_MODE='NO_AUTO_VALUE_ON_ZERO' */;
/*!40111 SET @OLD_SQL_NOTES=@@SQL_NOTES, SQL_NOTES=0 */;

--
-- Table structure for table `admin_log`
--

DROP TABLE IF EXISTS `admin_log`;
/*!40101 SET @saved_cs_client     = @@character_set_client */;
/*!40101 SET character_set_client = utf8 */;
CREATE TABLE `admin_log` (
  `id` int(10) NOT NULL AUTO_INCREMENT,
  `user_id` smallint(4) DEFAULT NULL,
  `action` varchar(100) DEFAULT NULL,
  `client_ip` varchar(100) DEFAULT NULL,
  `create_time` timestamp NULL DEFAULT CURRENT_TIMESTAMP ON UPDATE CURRENT_TIMESTAMP,
  PRIMARY KEY (`id`)
) ENGINE=InnoDB AUTO_INCREMENT=1629 DEFAULT CHARSET=utf8;
/*!40101 SET character_set_client = @saved_cs_client */;

--
-- Dumping data for table `admin_log`
--

--
-- Table structure for table `admin_menu`
--

DROP TABLE IF EXISTS `admin_menu`;
/*!40101 SET @saved_cs_client     = @@character_set_client */;
/*!40101 SET character_set_client = utf8 */;
CREATE TABLE `admin_menu` (
  `menu_id` smallint(4) NOT NULL AUTO_INCREMENT,
  `menu_title` varchar(30) NOT NULL,
  `menu_level` tinyint(2) NOT NULL DEFAULT '0',
  `parent_id` tinyint(2) NOT NULL,
  `menu_url` varchar(255) DEFAULT NULL,
  `menu_icon` varchar(50) DEFAULT NULL,
  `system` tinyint(2) NOT NULL DEFAULT '0',
  `status` tinyint(2) NOT NULL DEFAULT '1',
  `display_order` smallint(4) NOT NULL DEFAULT '0',
  `create_time` timestamp NOT NULL DEFAULT CURRENT_TIMESTAMP,
  PRIMARY KEY (`menu_id`)
) ENGINE=InnoDB AUTO_INCREMENT=61 DEFAULT CHARSET=utf8;
/*!40101 SET character_set_client = @saved_cs_client */;

--
-- Dumping data for table `admin_menu`
--

LOCK TABLES `admin_menu` WRITE;
/*!40000 ALTER TABLE `admin_menu` DISABLE KEYS */;
INSERT INTO `admin_menu` VALUES (3,'MySQL Monitor',1,0,'lp_mysql','icon-dashboard',0,1,3,'2014-02-25 11:57:29'),(5,'Permission System',1,0,'rabc','icon-legal',0,1,10,'2014-02-26 04:24:33'),(6,'Health Monitor',2,3,'lp_mysql/index',' icon-list',0,1,1,'2014-02-26 04:25:15'),(8,'Replication Monitor',2,3,'lp_mysql/replication',' icon-list',0,1,6,'2014-02-26 04:26:05'),(9,'Slowquery Analysis',2,3,'lp_mysql/slowquery','icon-list',0,1,9,'2014-02-26 04:26:52'),(10,'User',2,5,'user/index','',0,1,1,'2014-02-26 04:43:02'),(11,'Role',2,5,'role/index','',0,1,2,'2014-02-26 04:43:19'),(12,'Menu',2,5,'menu/index','',0,1,3,'2014-02-26 04:43:41'),(13,'Privilege',2,5,'privilege/index','',0,1,4,'2014-02-26 04:45:01'),(15,'Authorization',2,5,'auth/index','',0,1,2,'2014-03-03 14:23:28'),(16,'Servers Configure',1,0,'server','icon-dashboard',0,1,2,'2014-03-05 10:31:17'),(18,'MySQL',2,16,'servers_mysql/index','icon-list',0,1,3,'2014-03-05 10:33:40'),(19,'AWR Report',2,3,'lp_mysql/awrreport','icon-list',0,1,12,'2014-03-06 05:47:17'),(20,'Alarm Panel',1,0,'alarm','icon-dashboard',0,1,9,'2014-03-11 13:41:13'),(21,'Alarm List',2,20,'alarm/index','',0,1,0,'2014-03-11 13:46:28'),(22,'OS Monitor',1,0,'lp_os','icon-dashboard',0,1,8,'2014-03-24 07:33:42'),(26,'Disk',2,22,'lp_os/disk','icon-list',0,1,4,'2014-03-24 09:46:29'),(28,'BigTable Analysis',2,3,'lp_mysql/bigtable','icon-list',0,1,7,'2014-04-02 05:38:15'),(29,'Key Cache Monitor',2,3,'lp_mysql/key_cache','icon-list',0,1,3,'2014-04-09 07:52:12'),(30,'InnoDB Monitor',2,3,'lp_mysql/innodb','icon-list',0,1,4,'2014-04-09 07:54:47'),(31,'Resource Monitor',2,3,'lp_mysql/resource','icon-list',0,1,2,'2014-04-10 05:23:06'),(32,'MongoDB',2,16,'servers_mongodb/index','icon-list',0,1,5,'2014-04-14 04:26:35'),(33,'MongoDB Monitor',1,0,'lp_mongodb','icon-dashboard',0,1,5,'2014-04-14 06:15:52'),(34,'Health Montior',2,33,'lp_mongodb/index','icon-list',0,1,1,'2014-04-14 06:17:23'),(35,'Indexes Monitor',2,33,'lp_mongodb/indexes','icon-list',0,1,2,'2014-04-14 08:25:48'),(36,'Memory Monitor',2,33,'lp_mongodb/memory','icon-list',0,1,3,'2014-04-14 08:26:50'),(40,'Oracle',2,16,'servers_oracle/index','icon-list',0,1,4,'2014-05-27 05:21:49'),(43,'Health Monitor',2,22,'lp_os/index','icon-list',0,1,0,'2014-07-08 01:19:11'),(44,'Disk IO',2,22,'lp_os/disk_io','icon-list',0,1,5,'2014-07-15 07:35:56'),(45,'OS',2,16,'servers_os/index','icon-list',0,1,8,'2014-07-16 02:32:13'),(46,'Settings',2,16,'settings/index','icon-list',0,1,0,'2014-08-12 07:30:54'),(48,'Redis Monitor',1,0,'lp_redis','icon-dashboard',0,1,6,'2014-09-02 04:36:41'),(50,'Health Monitor',2,48,'lp_redis/index','icon-list',0,1,2,'2014-09-02 04:39:58'),(51,'Redis',2,16,'servers_redis/index','icon-list',0,1,6,'2014-09-09 09:15:41'),(52,'Memory Monitor',2,48,'lp_redis/memory','icon-list',0,1,3,'2014-09-11 06:34:13'),(54,'Replication Monitor',2,48,'lp_redis/replication','icon-list',0,0,5,'2014-09-11 06:37:12'),(56,'Oracle Monitor',1,0,'lp_oracle','icon-dashboard',0,1,4,'2014-10-24 07:34:50'),(57,'Health Montior',2,56,'lp_oracle/index','icon-list',0,1,1,'2014-10-24 07:35:47'),(58,'Tablespace Monitor',2,56,'lp_oracle/tablespace','icon-list',0,1,2,'2014-10-24 07:37:19'),(59,'MySQL Variables',2,3,'lp_mysql/mysql_variables','icon-list',0,1,10,'2016-02-01 03:02:15'),(60,'MySQL All Running Indexes',2,3,'lp_mysql/all_running_indexes','icon-list',0,1,11,'2016-02-23 03:02:15');
/*!40000 ALTER TABLE `admin_menu` ENABLE KEYS */;
UNLOCK TABLES;

--
-- Table structure for table `admin_privilege`
--

DROP TABLE IF EXISTS `admin_privilege`;
/*!40101 SET @saved_cs_client     = @@character_set_client */;
/*!40101 SET character_set_client = utf8 */;
CREATE TABLE `admin_privilege` (
  `privilege_id` smallint(4) NOT NULL AUTO_INCREMENT,
  `privilege_title` varchar(30) DEFAULT NULL,
  `menu_id` smallint(4) DEFAULT NULL,
  `action` varchar(100) DEFAULT NULL,
  `display_order` smallint(4) NOT NULL DEFAULT '0',
  PRIMARY KEY (`privilege_id`)
) ENGINE=InnoDB AUTO_INCREMENT=121 DEFAULT CHARSET=utf8;
/*!40101 SET character_set_client = @saved_cs_client */;

--
-- Dumping data for table `admin_privilege`
--

LOCK TABLES `admin_privilege` WRITE;
/*!40000 ALTER TABLE `admin_privilege` DISABLE KEYS */;
INSERT INTO `admin_privilege` VALUES (1,'MySQL Health Monitor',6,'lp_mysql/index',1),(3,'MySQL Replication Monitor',8,'lp_mysql/replication',2),(4,'MySQLSlowQuery',9,'lp_mysql/slowquery',4),(6,'Admin User View',10,'user/index',52),(7,'Admin User Add ',10,'user/add',52),(8,'Admin User Edit',10,'user/edit',53),(9,'Admin User Delete',10,'user/forever_delete',54),(10,'Admin Role View',11,'role/index',61),(11,'Admin Role Add',11,'role/add',62),(12,'Admin Role Edit',11,'role/edit',63),(13,'Admin Role Delete',11,'role/forever_delete',64),(14,'Admin Menu View',12,'menu/index',71),(15,'Admin Menu Add',12,'menu/add',72),(16,'Admin Menu Edit',12,'menu/edit',73),(17,'Admin Menu Delete',12,'menu/forever_delete',74),(18,'Admin Privilege View',13,'privilege/index',81),(19,'Admin Privilege Add',13,'privilege/add',82),(20,'Admin Privilege Edit',13,'privilege/edit',83),(21,'Admin Privilege Delete',13,'privilege/forever_delete',84),(22,'Admin Auth View',15,'auth/index',91),(23,'Admin Role Privilege Update',15,'auth/update_role_privilege',92),(24,'Login System',0,'index/index',0),(25,'Admin User Role Update',13,'auth/update_user_role',93),(31,'MySQL Servers View',18,'servers_mysql/index',36),(32,'MySQL Servers Add',18,'servers_mysql/add',37),(33,'MySQL Servers Edit',18,'servers_mysql/edit',38),(34,'MySQL Servers Trash',18,'servers_mysql/trash',39),(35,'MySQL Servers Delete',18,'servers_mysql/delete',40),(36,'MySQLSlowQuery Detail',9,'lp_mysql/slowquery_detail',4),(37,'MySQL AWR Report',19,'lp_mysql/awrreport',5),(38,'MySQL Health Chart',6,'lp_mysql/chart',1),(39,'MySQL Replication Chart',8,'lp_mysql/replication_chart',2),(40,'Alarm View',21,'alarm/index',8),(41,'OS Health View',43,'lp_os/index',100),(44,'OS Disk View',26,'lp_os/disk',100),(46,'OS Disk Chart View',26,'lp_os/disk_chart',100),(48,'OS Health Chart View',43,'lp_os/chart',100),(49,'MySQL BigTable Analysis',28,'lp_mysql/bigtable',8),(50,'MySQL BigTable Analysis Chart',28,'lp_mysql/bigtable_chart',8),(51,'MySQL Key Cache Monitor',29,'lp_mysql/key_cache',2),(52,'MySQL InnoDB Monitor',30,'lp_mysql/innodb',2),(53,'MySQL Resource Monitor',31,'lp_mysql/resource',2),(54,'MongoDB Servers View',32,'servers_mongodb/index',42),(55,'MongoDB Servers Add',32,'servers_mongodb/add',43),(56,'MongoDB Servers Edit',32,'servers_mongodb/edit',44),(57,'MongoDB Servers Trash',32,'servers_mongodb/trash',44),(58,'MongoDB Servers Delete',32,'servers_mongodb/delete',44),(59,'MongoDB Health View',34,'lp_mongodb/index',10),(60,'MongoDB Indexes View',35,'lp_mongodb/indexes',11),(61,'MongoDB Memory View',36,'lp_mongodb/memory',12),(67,'Oracle Servers View',40,'servers_oracle/index',45),(68,'Oracle Servers Add',40,'servers_oracle/add',46),(69,'Oracle Servers Edit',40,'servers_oracle/edit',47),(76,'Mongodb Health Chart View',34,'lp_mongodb/chart',13),(77,'OS Disk View',44,'lp_os/disk_io',100),(78,'OS Disk Chart View',44,'lp_os/disk_io_chart',100),(79,'OS Servers View',45,'servers_os/index',50),(80,'OS  Servers Add',45,'servers_os/add',50),(81,'OS Servers Edit',45,'servers_os/edit',50),(82,'OS Servers Delete',45,'servers_os/delete',50),(83,'OS Servers Trash',45,'servers_os/trash',50),(84,'OS Servers Batch Add',45,'servers_os/batch_add',50),(85,'MongoDB Servers Batch Add',32,'servers_mongodb/batch_add',44),(86,'MySQL Servers Batch Add',18,'servers_mysql/batch_add',40),(87,'Settings View',46,'settings/index',30),(92,'Redis Health View',50,'lp_redis/index',19),(93,'Redis Health Chart View',50,'lp_redis/chart',20),(94,'Redis Servers View',51,'servers_redis/index',51),(95,'Redis Servers Add',51,'servers_redis/add',51),(96,'Redis Servers Edit',51,'servers_redis/edit',51),(97,'Redis Servers Trash',51,'servers_redis/trash',51),(98,'Redis Servers Delete',51,'servers_redis/delete',51),(99,'Redis Servers Batch Add',51,'servers_redis/batch_add',51),(100,'Redis Memory View',52,'lp_redis/memory',21),(101,'Redis Memory Chart View',52,'lp_redis/memory_chart',21),(104,'Redis Replication View',54,'lp_redis/replication',23),(105,'Redis Replication Chart View',54,'lp_redis/replication_chart',23),(110,'Oracle Health Monitor',57,'lp_oracle/index',25),(111,'Oracle Health Chart',57,'lp_oracle/chart',26),(112,'Oracle Tablespace Monitor',58,'lp_oracle/tablespace',27),(113,'Settings Save',46,'settings/save',31),(114,'Oracle Servers Trash',40,'servers_oracle/trash',48),(115,'Oracle Servers Delete',40,'servers_oracle/delete',48),(116,'Oracle Servers Batch Add',40,'servers_oracle/batch_add',48),(117,'MySQL Variables',59,'lp_mysql/mysql_variables',2),(118,'MySQL Variables Trash',59,'lp_mysql/mysql_variables_delete',2),(119,'MySQL Variables Edit',59,'lp_mysql/mysql_variables_edit',2),(120,'MySQL All Running Indexes',60,'lp_mysql/all_running_indexes',2);
/*!40000 ALTER TABLE `admin_privilege` ENABLE KEYS */;
UNLOCK TABLES;

--
-- Table structure for table `admin_role`
--

DROP TABLE IF EXISTS `admin_role`;
/*!40101 SET @saved_cs_client     = @@character_set_client */;
/*!40101 SET character_set_client = utf8 */;
CREATE TABLE `admin_role` (
  `role_id` smallint(6) NOT NULL AUTO_INCREMENT,
  `role_name` varchar(30) NOT NULL DEFAULT '0',
  PRIMARY KEY (`role_id`)
) ENGINE=InnoDB AUTO_INCREMENT=9 DEFAULT CHARSET=utf8;
/*!40101 SET character_set_client = @saved_cs_client */;

--
-- Dumping data for table `admin_role`
--

LOCK TABLES `admin_role` WRITE;
/*!40000 ALTER TABLE `admin_role` DISABLE KEYS */;
INSERT INTO `admin_role` VALUES (1,'Administrator'),(3,'IT-DBA'),(5,'IT-Developer'),(7,'guest_group'),(8,'MYSQL-DBA');
/*!40000 ALTER TABLE `admin_role` ENABLE KEYS */;
UNLOCK TABLES;

--
-- Table structure for table `admin_role_privilege`
--

DROP TABLE IF EXISTS `admin_role_privilege`;
/*!40101 SET @saved_cs_client     = @@character_set_client */;
/*!40101 SET character_set_client = utf8 */;
CREATE TABLE `admin_role_privilege` (
  `role_id` smallint(4) NOT NULL,
  `privilege_id` smallint(4) NOT NULL,
  PRIMARY KEY (`role_id`,`privilege_id`)
) ENGINE=InnoDB DEFAULT CHARSET=utf8;
/*!40101 SET character_set_client = @saved_cs_client */;

--
-- Dumping data for table `admin_role_privilege`
--

LOCK TABLES `admin_role_privilege` WRITE;
/*!40000 ALTER TABLE `admin_role_privilege` DISABLE KEYS */;
INSERT INTO `admin_role_privilege` VALUES (1,1),(1,3),(1,4),(1,6),(1,7),(1,8),(1,9),(1,10),(1,11),(1,12),(1,13),(1,14),(1,15),(1,16),(1,17),(1,18),(1,19),(1,20),(1,21),(1,22),(1,23),(1,24),(1,25),(1,31),(1,32),(1,33),(1,34),(1,35),(1,36),(1,37),(1,38),(1,39),(1,40),(1,41),(1,44),(1,46),(1,48),(1,49),(1,50),(1,51),(1,52),(1,53),(1,54),(1,55),(1,56),(1,57),(1,58),(1,59),(1,60),(1,61),(1,67),(1,68),(1,69),(1,76),(1,77),(1,78),(1,79),(1,80),(1,81),(1,82),(1,83),(1,84),(1,85),(1,86),(1,87),(1,92),(1,93),(1,94),(1,95),(1,96),(1,97),(1,98),(1,99),(1,100),(1,101),(1,104),(1,105),(1,110),(1,111),(1,112),(1,113),(1,114),(1,115),(1,116),(1,117),(1,118),(1,119),(1,120),(2,4),(3,1),(3,2),(3,3),(3,4),(3,6),(3,7),(3,8),(3,9),(3,10),(3,11),(3,12),(3,13),(3,14),(3,15),(3,16),(3,17),(3,18),(3,19),(3,20),(3,21),(3,22),(3,23),(3,24),(3,25),(3,26),(3,27),(3,28),(3,29),(3,30),(3,31),(3,32),(3,33),(3,34),(3,35),(3,36),(3,37),(3,38),(3,39),(3,40),(3,41),(3,42),(3,43),(3,44),(3,46),(3,47),(3,48),(3,49),(3,50),(3,51),(3,52),(3,53),(3,54),(3,55),(3,56),(3,57),(3,58),(3,59),(3,60),(3,61),(3,67),(3,68),(3,69),(3,70),(3,71),(3,72),(3,74),(3,75),(3,76),(3,77),(3,78),(3,79),(3,80),(3,81),(3,82),(3,83),(3,84),(3,85),(3,86),(3,87),(3,88),(3,89),(3,90),(5,1),(5,3),(5,4),(5,24),(5,36),(5,38),(5,39),(5,42),(5,43),(5,44),(5,46),(5,47),(5,48),(5,59),(5,60),(5,61),(5,74),(5,75),(5,76),(5,77),(5,78),(5,88),(5,89),(5,90),(7,1),(7,3),(7,4),(7,6),(7,10),(7,14),(7,18),(7,22),(7,24),(7,36),(7,37),(7,38),(7,39),(7,40),(7,41),(7,44),(7,46),(7,48),(7,49),(7,50),(7,51),(7,52),(7,53),(7,59),(7,60),(7,61),(7,77),(7,78),(7,87),(7,93),(7,100),(7,101),(7,104),(7,105),(7,110),(7,111),(7,112),(8,1),(8,24);
/*!40000 ALTER TABLE `admin_role_privilege` ENABLE KEYS */;
UNLOCK TABLES;

--
-- Table structure for table `admin_user`
--

DROP TABLE IF EXISTS `admin_user`;
/*!40101 SET @saved_cs_client     = @@character_set_client */;
/*!40101 SET character_set_client = utf8 */;
CREATE TABLE `admin_user` (
  `user_id` int(11) NOT NULL AUTO_INCREMENT,
  `username` varchar(30) NOT NULL,
  `password` varchar(100) NOT NULL,
  `realname` varchar(50) DEFAULT NULL,
  `email` varchar(100) DEFAULT NULL,
  `mobile` varchar(50) DEFAULT NULL,
  `login_count` int(11) DEFAULT '0',
  `last_login_ip` varchar(100) DEFAULT NULL,
  `last_login_time` datetime DEFAULT NULL,
  `status` tinyint(2) DEFAULT '1',
  `create_time` timestamp NULL DEFAULT CURRENT_TIMESTAMP,
  PRIMARY KEY (`user_id`)
) ENGINE=InnoDB AUTO_INCREMENT=10 DEFAULT CHARSET=utf8;
/*!40101 SET character_set_client = @saved_cs_client */;

--
-- Dumping data for table `admin_user`
--

LOCK TABLES `admin_user` WRITE;
/*!40000 ALTER TABLE `admin_user` DISABLE KEYS */;
INSERT INTO `admin_user` VALUES (1,'admin','e10adc3949ba59abbe56e057f20f883e','Administrator','admin@mail.com','',64,'192.168.2.45','2016-02-26 16:43:53',1,'2013-12-25 07:58:34'),(8,'guest','e10adc3949ba59abbe56e057f20f883e','Guest','','',626,'192.168.2.45','2016-01-26 13:52:13',1,'2014-03-12 09:06:36'),(9,'mysql','e10adc3949ba59abbe56e057f20f883e','crj','','',4,'192.168.2.45','2016-01-26 13:58:49',1,'2016-01-18 06:54:40');
/*!40000 ALTER TABLE `admin_user` ENABLE KEYS */;
UNLOCK TABLES;

--
-- Table structure for table `admin_user_role`
--

DROP TABLE IF EXISTS `admin_user_role`;
/*!40101 SET @saved_cs_client     = @@character_set_client */;
/*!40101 SET character_set_client = utf8 */;
CREATE TABLE `admin_user_role` (
  `user_id` int(10) NOT NULL,
  `role_id` smallint(4) NOT NULL,
  PRIMARY KEY (`user_id`,`role_id`)
) ENGINE=InnoDB DEFAULT CHARSET=utf8;
/*!40101 SET character_set_client = @saved_cs_client */;

--
-- Dumping data for table `admin_user_role`
--

LOCK TABLES `admin_user_role` WRITE;
/*!40000 ALTER TABLE `admin_user_role` DISABLE KEYS */;
INSERT INTO `admin_user_role` VALUES (1,1),(2,1),(2,2),(2,3),(2,5),(8,7),(9,8);
/*!40000 ALTER TABLE `admin_user_role` ENABLE KEYS */;
UNLOCK TABLES;

--
-- Table structure for table `alarm`
--

DROP TABLE IF EXISTS `alarm`;
/*!40101 SET @saved_cs_client     = @@character_set_client */;
/*!40101 SET character_set_client = utf8 */;
CREATE TABLE `alarm` (
  `id` int(11) unsigned NOT NULL AUTO_INCREMENT,
  `server_id` smallint(4) NOT NULL DEFAULT '0',
  `tags` varchar(50) DEFAULT NULL,
  `host` varchar(30) DEFAULT NULL,
  `port` varchar(10) DEFAULT NULL,
  `create_time` timestamp NULL DEFAULT CURRENT_TIMESTAMP ON UPDATE CURRENT_TIMESTAMP,
  `db_type` varchar(30) DEFAULT NULL,
  `alarm_item` varchar(100) DEFAULT NULL,
  `alarm_value` varchar(50) DEFAULT NULL,
  `level` varchar(50) DEFAULT NULL,
  `message` varchar(255) DEFAULT NULL,
  `send_mail` tinyint(2) DEFAULT NULL,
  `send_mail_to_list` varchar(255) DEFAULT NULL,
  `send_sms` tinyint(2) DEFAULT NULL,
  `send_sms_to_list` varchar(255) DEFAULT NULL,
  PRIMARY KEY (`id`)
) ENGINE=InnoDB AUTO_INCREMENT=5 DEFAULT CHARSET=utf8;
/*!40101 SET character_set_client = @saved_cs_client */;

--
-- Dumping data for table `alarm`
--

LOCK TABLES `alarm` WRITE;
/*!40000 ALTER TABLE `alarm` DISABLE KEYS */;
/*!40000 ALTER TABLE `alarm` ENABLE KEYS */;
UNLOCK TABLES;

--
-- Table structure for table `alarm_history`
--

DROP TABLE IF EXISTS `alarm_history`;
/*!40101 SET @saved_cs_client     = @@character_set_client */;
/*!40101 SET character_set_client = utf8 */;
CREATE TABLE `alarm_history` (
  `id` int(11) unsigned NOT NULL AUTO_INCREMENT,
  `server_id` smallint(4) NOT NULL DEFAULT '0',
  `tags` varchar(50) DEFAULT NULL,
  `host` varchar(30) DEFAULT NULL,
  `port` varchar(10) DEFAULT NULL,
  `create_time` timestamp NULL DEFAULT CURRENT_TIMESTAMP,
  `db_type` varchar(30) DEFAULT NULL,
  `alarm_item` varchar(100) DEFAULT NULL,
  `alarm_value` varchar(50) DEFAULT NULL,
  `level` varchar(50) DEFAULT NULL,
  `message` varchar(255) DEFAULT NULL,
  `send_mail` tinyint(2) DEFAULT NULL,
  `send_mail_to_list` varchar(255) DEFAULT NULL,
  `send_sms` tinyint(2) DEFAULT NULL,
  `send_sms_to_list` varchar(255) DEFAULT NULL,
  `send_mail_status` tinyint(2) NOT NULL DEFAULT '0',
  `send_sms_status` tinyint(2) NOT NULL DEFAULT '0',
  PRIMARY KEY (`id`),
  KEY `idx_server_id` (`server_id`),
  KEY `idx_host` (`host`),
  KEY `idx_alarm_type` (`alarm_item`),
  KEY `idx_level` (`level`)
) ENGINE=InnoDB AUTO_INCREMENT=5 DEFAULT CHARSET=utf8;
/*!40101 SET character_set_client = @saved_cs_client */;

--
-- Dumping data for table `alarm_history`
--


--
-- Table structure for table `alarm_temp`
--

DROP TABLE IF EXISTS `alarm_temp`;
/*!40101 SET @saved_cs_client     = @@character_set_client */;
/*!40101 SET character_set_client = utf8 */;
CREATE TABLE `alarm_temp` (
  `id` int(10) NOT NULL AUTO_INCREMENT,
  `server_id` smallint(4) NOT NULL DEFAULT '0',
  `ip` varchar(50) DEFAULT NULL,
  `db_type` varchar(30) DEFAULT NULL,
  `alarm_item` varchar(100) DEFAULT NULL,
  `alarm_type` varchar(30) DEFAULT NULL,
  `create_time` timestamp NOT NULL DEFAULT CURRENT_TIMESTAMP,
  PRIMARY KEY (`id`)
) ENGINE=InnoDB AUTO_INCREMENT=2903570 DEFAULT CHARSET=utf8;
/*!40101 SET character_set_client = @saved_cs_client */;

--
-- Dumping data for table `alarm_temp`
--

--
-- Table structure for table `db_servers_mongodb`
--

DROP TABLE IF EXISTS `db_servers_mongodb`;
/*!40101 SET @saved_cs_client     = @@character_set_client */;
/*!40101 SET character_set_client = utf8 */;
CREATE TABLE `db_servers_mongodb` (
  `id` int(10) NOT NULL AUTO_INCREMENT,
  `host` varchar(30) COLLATE utf8_unicode_ci NOT NULL,
  `port` varchar(10) COLLATE utf8_unicode_ci NOT NULL,
  `username` varchar(50) COLLATE utf8_unicode_ci DEFAULT NULL,
  `password` varchar(50) COLLATE utf8_unicode_ci DEFAULT NULL,
  `tags` varchar(50) COLLATE utf8_unicode_ci DEFAULT NULL,
  `monitor` tinyint(2) DEFAULT '1',
  `send_mail` tinyint(2) DEFAULT '1',
  `send_mail_to_list` varchar(255) COLLATE utf8_unicode_ci DEFAULT NULL,
  `send_sms` tinyint(2) DEFAULT '0',
  `send_sms_to_list` varchar(255) COLLATE utf8_unicode_ci DEFAULT NULL,
  `alarm_connections_current` tinyint(2) NOT NULL DEFAULT '1',
  `alarm_active_clients` tinyint(2) NOT NULL DEFAULT '1',
  `alarm_current_queue` tinyint(2) NOT NULL DEFAULT '1',
  `threshold_warning_connections_current` int(10) NOT NULL DEFAULT '1000',
  `threshold_warning_active_clients` smallint(4) NOT NULL DEFAULT '10',
  `threshold_warning_current_queue` smallint(4) NOT NULL DEFAULT '5',
  `threshold_critical_connections_current` int(10) NOT NULL DEFAULT '3000',
  `threshold_critical_active_clients` smallint(4) NOT NULL DEFAULT '30',
  `threshold_critical_current_queue` smallint(4) NOT NULL DEFAULT '15',
  `is_delete` tinyint(1) NOT NULL DEFAULT '0',
  `display_order` smallint(4) NOT NULL DEFAULT '0',
  `create_time` timestamp NULL DEFAULT CURRENT_TIMESTAMP,
  PRIMARY KEY (`id`),
  KEY `idx_host` (`host`) USING BTREE
) ENGINE=InnoDB DEFAULT CHARSET=utf8 COLLATE=utf8_unicode_ci;
/*!40101 SET character_set_client = @saved_cs_client */;

--
-- Dumping data for table `db_servers_mongodb`
--

LOCK TABLES `db_servers_mongodb` WRITE;
/*!40000 ALTER TABLE `db_servers_mongodb` DISABLE KEYS */;
/*!40000 ALTER TABLE `db_servers_mongodb` ENABLE KEYS */;
UNLOCK TABLES;

--
-- Table structure for table `db_servers_mysql`
--

DROP TABLE IF EXISTS `db_servers_mysql`;
/*!40101 SET @saved_cs_client     = @@character_set_client */;
/*!40101 SET character_set_client = utf8 */;
CREATE TABLE `db_servers_mysql` (
  `id` int(10) NOT NULL AUTO_INCREMENT,
  `host` varchar(30) COLLATE utf8_unicode_ci NOT NULL,
  `port` varchar(10) COLLATE utf8_unicode_ci NOT NULL,
  `username` varchar(30) COLLATE utf8_unicode_ci DEFAULT NULL,
  `password` varchar(30) COLLATE utf8_unicode_ci DEFAULT NULL,
  `tags` varchar(50) COLLATE utf8_unicode_ci DEFAULT NULL,
  `monitor` tinyint(2) DEFAULT '1' COMMENT '1:ç›‘æŽ§ 0ï¼šä¸ç›‘æŽ§',
  `send_mail` tinyint(2) DEFAULT '1',
  `send_mail_to_list` varchar(255) COLLATE utf8_unicode_ci DEFAULT NULL,
  `send_sms` tinyint(2) DEFAULT '0',
  `send_sms_to_list` varchar(255) COLLATE utf8_unicode_ci DEFAULT NULL,
  `send_slowquery_to_list` varchar(255) COLLATE utf8_unicode_ci DEFAULT NULL,
  `alarm_threads_connected` tinyint(2) DEFAULT '1',
  `alarm_threads_running` tinyint(2) DEFAULT '1',
  `alarm_threads_waits` tinyint(2) DEFAULT '1',
  `alarm_repl_status` tinyint(2) DEFAULT '1',
  `alarm_repl_delay` tinyint(2) DEFAULT '1',
  `alarm_backup_status` tinyint(2) DEFAULT '1',
  `alarm_backup_delay` tinyint(2) DEFAULT '1',
  `alarm_variable_change` tinyint(2) DEFAULT '1',
  `threshold_warning_threads_connected` int(10) DEFAULT '1000',
  `threshold_warning_threads_running` int(10) DEFAULT '10',
  `threshold_warning_threads_waits` int(10) DEFAULT '5',
  `threshold_warning_repl_delay` int(10) DEFAULT '60',
  `threshold_critical_threads_connected` int(10) DEFAULT '3000',
  `threshold_critical_threads_running` int(10) DEFAULT '30',
  `threshold_critical_threads_waits` int(10) DEFAULT '15',
  `threshold_critical_repl_delay` int(10) DEFAULT '600',
  `slow_query` tinyint(2) NOT NULL DEFAULT '0',
  `binlog_auto_purge` tinyint(1) NOT NULL DEFAULT '0',
  `binlog_store_days` smallint(4) NOT NULL DEFAULT '30',
  `bigtable_monitor` tinyint(1) NOT NULL DEFAULT '0',
  `bigtable_size` int(10) NOT NULL DEFAULT '50',
  `variable_monitor` tinyint(1) NOT NULL DEFAULT '0',
  `is_delete` tinyint(1) NOT NULL DEFAULT '0',
  `display_order` smallint(4) NOT NULL DEFAULT '0',
  `create_time` timestamp NULL DEFAULT CURRENT_TIMESTAMP,
  `threshold_critical_backup_delay` int(11) DEFAULT '7',
  `threshold_warning_backup_delay` int(11) DEFAULT '3',
  PRIMARY KEY (`id`),
  KEY `idx_host` (`host`) USING BTREE
) ENGINE=InnoDB AUTO_INCREMENT=275 DEFAULT CHARSET=utf8 COLLATE=utf8_unicode_ci;
/*!40101 SET character_set_client = @saved_cs_client */;

--
-- Dumping data for table `db_servers_mysql`
--


--
-- Table structure for table `db_servers_oracle`
--

DROP TABLE IF EXISTS `db_servers_oracle`;
/*!40101 SET @saved_cs_client     = @@character_set_client */;
/*!40101 SET character_set_client = utf8 */;
CREATE TABLE `db_servers_oracle` (
  `id` int(10) NOT NULL AUTO_INCREMENT,
  `host` varchar(30) COLLATE utf8_unicode_ci DEFAULT NULL,
  `port` varchar(10) COLLATE utf8_unicode_ci DEFAULT NULL,
  `dsn` varchar(50) COLLATE utf8_unicode_ci DEFAULT NULL,
  `username` varchar(50) COLLATE utf8_unicode_ci DEFAULT NULL,
  `password` varchar(100) COLLATE utf8_unicode_ci DEFAULT NULL,
  `tags` varchar(100) COLLATE utf8_unicode_ci DEFAULT NULL,
  `monitor` tinyint(2) DEFAULT '1',
  `send_mail` tinyint(2) DEFAULT '0',
  `send_mail_to_list` varchar(255) COLLATE utf8_unicode_ci DEFAULT NULL,
  `send_sms` tinyint(2) DEFAULT '0',
  `send_sms_to_list` varchar(255) COLLATE utf8_unicode_ci DEFAULT NULL,
  `alarm_session_total` tinyint(2) NOT NULL DEFAULT '1',
  `alarm_session_actives` tinyint(2) NOT NULL DEFAULT '1',
  `alarm_session_waits` tinyint(2) NOT NULL DEFAULT '1',
  `alarm_tablespace` tinyint(2) NOT NULL DEFAULT '1',
  `threshold_warning_session_total` smallint(4) NOT NULL DEFAULT '1000',
  `threshold_warning_session_actives` smallint(4) NOT NULL DEFAULT '10',
  `threshold_warning_session_waits` tinyint(4) NOT NULL DEFAULT '5',
  `threshold_warning_tablespace` smallint(10) NOT NULL DEFAULT '85',
  `threshold_critical_session_total` smallint(4) NOT NULL DEFAULT '3000',
  `threshold_critical_session_actives` smallint(4) NOT NULL DEFAULT '30',
  `threshold_critical_session_waits` smallint(4) NOT NULL DEFAULT '15',
  `threshold_critical_tablespace` smallint(4) NOT NULL DEFAULT '95',
  `is_delete` tinyint(1) NOT NULL DEFAULT '0',
  `display_order` smallint(4) NOT NULL DEFAULT '0',
  `create_time` timestamp NULL DEFAULT CURRENT_TIMESTAMP,
  PRIMARY KEY (`id`),
  KEY `idx_host` (`host`) USING BTREE
) ENGINE=InnoDB DEFAULT CHARSET=utf8 COLLATE=utf8_unicode_ci;
/*!40101 SET character_set_client = @saved_cs_client */;

--
-- Dumping data for table `db_servers_oracle`
--

LOCK TABLES `db_servers_oracle` WRITE;
/*!40000 ALTER TABLE `db_servers_oracle` DISABLE KEYS */;
/*!40000 ALTER TABLE `db_servers_oracle` ENABLE KEYS */;
UNLOCK TABLES;

--
-- Table structure for table `db_servers_os`
--

DROP TABLE IF EXISTS `db_servers_os`;
/*!40101 SET @saved_cs_client     = @@character_set_client */;
/*!40101 SET character_set_client = utf8 */;
CREATE TABLE `db_servers_os` (
  `id` int(10) NOT NULL AUTO_INCREMENT,
  `host` varchar(30) DEFAULT NULL,
  `community` varchar(50) DEFAULT NULL,
  `tags` varchar(30) DEFAULT NULL,
  `monitor` tinyint(2) DEFAULT '0',
  `send_mail` tinyint(2) DEFAULT '0',
  `send_mail_to_list` varchar(255) DEFAULT NULL,
  `send_sms` tinyint(2) DEFAULT '0',
  `send_sms_to_list` varchar(255) DEFAULT NULL,
  `alarm_os_process` tinyint(1) NOT NULL DEFAULT '1',
  `alarm_os_load` tinyint(1) NOT NULL DEFAULT '1',
  `alarm_os_cpu` tinyint(1) NOT NULL DEFAULT '1',
  `alarm_os_network` tinyint(1) NOT NULL DEFAULT '1',
  `alarm_os_disk` tinyint(1) NOT NULL DEFAULT '1',
  `alarm_os_memory` tinyint(1) NOT NULL DEFAULT '1',
  `threshold_warning_os_process` int(10) NOT NULL DEFAULT '300',
  `threshold_warning_os_load` int(10) NOT NULL DEFAULT '3',
  `threshold_warning_os_cpu` int(10) NOT NULL DEFAULT '80',
  `threshold_warning_os_network` int(10) NOT NULL DEFAULT '2',
  `threshold_warning_os_disk` int(10) NOT NULL DEFAULT '75',
  `threshold_warning_os_memory` int(10) NOT NULL DEFAULT '85',
  `threshold_critical_os_process` int(10) NOT NULL DEFAULT '500',
  `threshold_critical_os_load` int(10) NOT NULL DEFAULT '10',
  `threshold_critical_os_cpu` int(10) NOT NULL DEFAULT '40',
  `threshold_critical_os_network` int(10) NOT NULL DEFAULT '10',
  `threshold_critical_os_disk` int(10) NOT NULL DEFAULT '90',
  `threshold_critical_os_memory` tinyint(10) NOT NULL DEFAULT '95',
  `filter_os_disk` varchar(100) DEFAULT NULL,
  `is_delete` tinyint(1) NOT NULL DEFAULT '0',
  `display_order` smallint(4) NOT NULL DEFAULT '0',
  `remark` varchar(1000) DEFAULT NULL,
  `create_time` timestamp NULL DEFAULT CURRENT_TIMESTAMP,
  PRIMARY KEY (`id`),
  KEY `idx_host` (`host`) USING BTREE
) ENGINE=InnoDB AUTO_INCREMENT=5 DEFAULT CHARSET=utf8;
/*!40101 SET character_set_client = @saved_cs_client */;

--
-- Dumping data for table `db_servers_os`
--

--
-- Table structure for table `db_servers_redis`
--

DROP TABLE IF EXISTS `db_servers_redis`;
/*!40101 SET @saved_cs_client     = @@character_set_client */;
/*!40101 SET character_set_client = utf8 */;
CREATE TABLE `db_servers_redis` (
  `id` int(10) NOT NULL AUTO_INCREMENT,
  `host` varchar(30) COLLATE utf8_unicode_ci NOT NULL,
  `port` varchar(10) COLLATE utf8_unicode_ci NOT NULL,
  `password` varchar(50) COLLATE utf8_unicode_ci DEFAULT NULL,
  `tags` varchar(50) COLLATE utf8_unicode_ci DEFAULT NULL,
  `monitor` tinyint(2) DEFAULT '1',
  `send_mail` tinyint(2) DEFAULT '1',
  `send_mail_to_list` varchar(255) COLLATE utf8_unicode_ci DEFAULT NULL,
  `send_sms` tinyint(2) DEFAULT '0',
  `send_sms_to_list` varchar(255) COLLATE utf8_unicode_ci DEFAULT NULL,
  `alarm_connected_clients` tinyint(2) NOT NULL DEFAULT '1',
  `alarm_command_processed` tinyint(2) NOT NULL DEFAULT '1',
  `alarm_blocked_clients` tinyint(2) NOT NULL DEFAULT '1',
  `threshold_warning_connected_clients` smallint(4) NOT NULL DEFAULT '1000',
  `threshold_warning_command_processed` smallint(4) NOT NULL DEFAULT '10',
  `threshold_warning_blocked_clients` smallint(4) NOT NULL DEFAULT '5',
  `threshold_critical_connected_clients` smallint(4) NOT NULL DEFAULT '3000',
  `threshold_critical_command_processed` smallint(4) NOT NULL DEFAULT '30',
  `threshold_critical_blocked_clients` smallint(4) NOT NULL DEFAULT '15',
  `is_delete` tinyint(1) NOT NULL DEFAULT '0',
  `display_order` smallint(4) NOT NULL DEFAULT '0',
  `create_time` timestamp NULL DEFAULT CURRENT_TIMESTAMP,
  PRIMARY KEY (`id`),
  KEY `idx_host` (`host`) USING BTREE
) ENGINE=InnoDB DEFAULT CHARSET=utf8 COLLATE=utf8_unicode_ci;
/*!40101 SET character_set_client = @saved_cs_client */;

--
-- Dumping data for table `db_servers_redis`
--

LOCK TABLES `db_servers_redis` WRITE;
/*!40000 ALTER TABLE `db_servers_redis` DISABLE KEYS */;
/*!40000 ALTER TABLE `db_servers_redis` ENABLE KEYS */;
UNLOCK TABLES;

--
-- Table structure for table `db_status`
--

DROP TABLE IF EXISTS `db_status`;
/*!40101 SET @saved_cs_client     = @@character_set_client */;
/*!40101 SET character_set_client = utf8 */;
CREATE TABLE `db_status` (
  `id` int(11) NOT NULL AUTO_INCREMENT,
  `server_id` smallint(4) NOT NULL DEFAULT '0',
  `host` varchar(30) NOT NULL DEFAULT '',
  `port` varchar(10) NOT NULL DEFAULT '',
  `db_type` varchar(10) NOT NULL DEFAULT '',
  `db_type_sort` tinyint(2) NOT NULL DEFAULT '0',
  `tags` varchar(50) NOT NULL DEFAULT '-1',
  `role` varchar(30) NOT NULL DEFAULT '-1',
  `version` varchar(30) NOT NULL DEFAULT '-1',
  `connect` tinyint(2) NOT NULL DEFAULT '-1',
  `connect_tips` varchar(500) NOT NULL DEFAULT 'no_data',
  `sessions` tinyint(2) NOT NULL DEFAULT '-1',
  `sessions_tips` varchar(500) NOT NULL DEFAULT 'no_data',
  `actives` tinyint(2) NOT NULL DEFAULT '-1',
  `actives_tips` varchar(500) NOT NULL DEFAULT 'no_data',
  `waits` tinyint(2) NOT NULL DEFAULT '-1',
  `waits_tips` varchar(500) NOT NULL DEFAULT 'no_data',
  `repl` tinyint(2) NOT NULL DEFAULT '-1',
  `repl_tips` varchar(500) NOT NULL DEFAULT 'no_data',
  `repl_delay` tinyint(2) NOT NULL DEFAULT '-1',
  `repl_delay_tips` varchar(500) NOT NULL DEFAULT 'no_data',
  `tablespace` tinyint(2) NOT NULL DEFAULT '-1',
  `tablespace_tips` varchar(500) NOT NULL DEFAULT '-1',
  `snmp` tinyint(2) NOT NULL DEFAULT '-1',
  `snmp_tips` varchar(500) NOT NULL DEFAULT 'no_data',
  `process` tinyint(2) NOT NULL DEFAULT '-1',
  `process_tips` varchar(500) NOT NULL DEFAULT 'no_data',
  `load_1` tinyint(2) NOT NULL DEFAULT '-1',
  `load_1_tips` varchar(500) NOT NULL DEFAULT 'no_data',
  `cpu` tinyint(2) NOT NULL DEFAULT '-1',
  `cpu_tips` varchar(500) NOT NULL DEFAULT 'no_data',
  `network` tinyint(2) NOT NULL DEFAULT '-1',
  `network_tips` varchar(500) NOT NULL DEFAULT 'no_data',
  `memory` tinyint(2) NOT NULL DEFAULT '-1',
  `memory_tips` varchar(500) NOT NULL DEFAULT 'no_data',
  `disk` tinyint(2) NOT NULL DEFAULT '-1',
  `disk_tips` varchar(500) NOT NULL DEFAULT 'no_data',
  `uptime_time` timestamp NOT NULL DEFAULT CURRENT_TIMESTAMP ON UPDATE CURRENT_TIMESTAMP,
  PRIMARY KEY (`id`)
) ENGINE=InnoDB AUTO_INCREMENT=300 DEFAULT CHARSET=utf8;
/*!40101 SET character_set_client = @saved_cs_client */;

--
-- Dumping data for table `db_status`
--

--
-- Table structure for table `lepus_status`
--

DROP TABLE IF EXISTS `lepus_status`;
/*!40101 SET @saved_cs_client     = @@character_set_client */;
/*!40101 SET character_set_client = utf8 */;
CREATE TABLE `lepus_status` (
  `lepus_variables` varchar(255) NOT NULL,
  `lepus_value` varchar(255) NOT NULL
) ENGINE=InnoDB DEFAULT CHARSET=utf8;
/*!40101 SET character_set_client = @saved_cs_client */;

--
-- Dumping data for table `lepus_status`
--
--
-- Table structure for table `mongodb_status`
--

DROP TABLE IF EXISTS `mongodb_status`;
/*!40101 SET @saved_cs_client     = @@character_set_client */;
/*!40101 SET character_set_client = utf8 */;
CREATE TABLE `mongodb_status` (
  `id` int(10) NOT NULL AUTO_INCREMENT,
  `server_id` smallint(4) NOT NULL DEFAULT '0',
  `host` varchar(50) NOT NULL,
  `port` varchar(30) NOT NULL,
  `tags` varchar(50) DEFAULT NULL,
  `connect` smallint(6) NOT NULL DEFAULT '0',
  `replset` smallint(2) NOT NULL DEFAULT '-1',
  `repl_role` varchar(30) NOT NULL DEFAULT '-1',
  `ok` tinyint(2) NOT NULL DEFAULT '-1',
  `uptime` int(11) NOT NULL DEFAULT '-1',
  `version` varchar(50) NOT NULL DEFAULT '-1',
  `connections_current` int(10) NOT NULL DEFAULT '-1',
  `connections_available` int(10) NOT NULL DEFAULT '-1',
  `globalLock_currentQueue` smallint(4) NOT NULL DEFAULT '-1',
  `globalLock_activeClients` smallint(4) NOT NULL DEFAULT '-1',
  `indexCounters_accesses` bigint(18) NOT NULL DEFAULT '-1',
  `indexCounters_hits` bigint(18) NOT NULL DEFAULT '-1',
  `indexCounters_misses` bigint(18) NOT NULL DEFAULT '-1',
  `indexCounters_resets` int(10) NOT NULL DEFAULT '-1',
  `indexCounters_missRatio` char(10) NOT NULL DEFAULT '-1',
  `cursors_totalOpen` smallint(4) NOT NULL DEFAULT '-1',
  `cursors_timeOut` int(10) NOT NULL DEFAULT '-1',
  `dur_commits` smallint(4) NOT NULL DEFAULT '-1',
  `dur_journaledMB` varchar(30) NOT NULL DEFAULT '-1',
  `dur_writeToDataFilesMB` varchar(30) NOT NULL DEFAULT '-1',
  `dur_compression` varchar(30) NOT NULL DEFAULT '-1',
  `dur_commitsInWriteLock` smallint(4) NOT NULL DEFAULT '-1',
  `dur_earlyCommits` smallint(4) NOT NULL DEFAULT '-1',
  `dur_timeMs_dt` smallint(4) NOT NULL DEFAULT '-1',
  `dur_timeMs_prepLogBuffer` smallint(4) NOT NULL DEFAULT '-1',
  `dur_timeMs_writeToJournal` smallint(4) NOT NULL DEFAULT '-1',
  `dur_timeMs_writeToDataFiles` smallint(4) NOT NULL DEFAULT '-1',
  `dur_timeMs_remapPrivateView` smallint(4) NOT NULL DEFAULT '-1',
  `mem_bits` smallint(4) NOT NULL DEFAULT '-1',
  `mem_resident` int(10) NOT NULL DEFAULT '-1',
  `mem_virtual` int(10) NOT NULL DEFAULT '-1',
  `mem_supported` varchar(10) NOT NULL DEFAULT '-1',
  `mem_mapped` int(10) NOT NULL DEFAULT '-1',
  `mem_mappedWithJournal` int(10) NOT NULL DEFAULT '-1',
  `network_bytesIn_persecond` int(10) NOT NULL DEFAULT '-1',
  `network_bytesOut_persecond` int(10) NOT NULL DEFAULT '-1',
  `network_numRequests_persecond` int(10) NOT NULL DEFAULT '-1',
  `opcounters_insert_persecond` smallint(4) NOT NULL DEFAULT '-1',
  `opcounters_query_persecond` smallint(4) NOT NULL DEFAULT '-1',
  `opcounters_update_persecond` smallint(4) NOT NULL DEFAULT '-1',
  `opcounters_delete_persecond` smallint(4) NOT NULL DEFAULT '-1',
  `opcounters_command_persecond` smallint(4) NOT NULL DEFAULT '-1',
  `create_time` timestamp NOT NULL DEFAULT CURRENT_TIMESTAMP ON UPDATE CURRENT_TIMESTAMP,
  PRIMARY KEY (`id`),
  KEY `idx_server_id` (`server_id`) USING BTREE
) ENGINE=InnoDB DEFAULT CHARSET=utf8;
/*!40101 SET character_set_client = @saved_cs_client */;

--
-- Dumping data for table `mongodb_status`
--

LOCK TABLES `mongodb_status` WRITE;
/*!40000 ALTER TABLE `mongodb_status` DISABLE KEYS */;
/*!40000 ALTER TABLE `mongodb_status` ENABLE KEYS */;
UNLOCK TABLES;

--
-- Table structure for table `mongodb_status_history`
--

DROP TABLE IF EXISTS `mongodb_status_history`;
/*!40101 SET @saved_cs_client     = @@character_set_client */;
/*!40101 SET character_set_client = utf8 */;
CREATE TABLE `mongodb_status_history` (
  `id` int(10) NOT NULL AUTO_INCREMENT,
  `server_id` smallint(4) NOT NULL DEFAULT '0',
  `host` varchar(50) NOT NULL,
  `port` varchar(30) NOT NULL,
  `tags` varchar(50) DEFAULT NULL,
  `connect` smallint(6) NOT NULL DEFAULT '0',
  `replset` tinyint(2) NOT NULL DEFAULT '-1',
  `repl_role` varchar(30) NOT NULL DEFAULT '-1',
  `ok` tinyint(2) NOT NULL DEFAULT '-1',
  `uptime` int(11) NOT NULL DEFAULT '-1',
  `version` varchar(50) NOT NULL DEFAULT '-1',
  `connections_current` int(10) NOT NULL DEFAULT '-1',
  `connections_available` int(10) NOT NULL DEFAULT '-1',
  `globalLock_currentQueue` smallint(4) NOT NULL DEFAULT '-1',
  `globalLock_activeClients` smallint(4) NOT NULL DEFAULT '-1',
  `indexCounters_accesses` bigint(18) NOT NULL DEFAULT '-1',
  `indexCounters_hits` bigint(18) NOT NULL DEFAULT '-1',
  `indexCounters_misses` bigint(18) NOT NULL DEFAULT '-1',
  `indexCounters_resets` int(10) NOT NULL DEFAULT '-1',
  `indexCounters_missRatio` char(10) NOT NULL DEFAULT '-1',
  `cursors_totalOpen` smallint(4) NOT NULL DEFAULT '-1',
  `cursors_timeOut` int(10) NOT NULL DEFAULT '-1',
  `dur_commits` smallint(4) NOT NULL DEFAULT '-1',
  `dur_journaledMB` varchar(30) NOT NULL DEFAULT '-1',
  `dur_writeToDataFilesMB` varchar(30) NOT NULL DEFAULT '-1',
  `dur_compression` varchar(30) NOT NULL DEFAULT '-1',
  `dur_commitsInWriteLock` smallint(4) NOT NULL DEFAULT '-1',
  `dur_earlyCommits` smallint(4) NOT NULL DEFAULT '-1',
  `dur_timeMs_dt` smallint(4) NOT NULL DEFAULT '-1',
  `dur_timeMs_prepLogBuffer` smallint(4) NOT NULL DEFAULT '-1',
  `dur_timeMs_writeToJournal` smallint(4) NOT NULL DEFAULT '-1',
  `dur_timeMs_writeToDataFiles` smallint(4) NOT NULL DEFAULT '-1',
  `dur_timeMs_remapPrivateView` smallint(4) NOT NULL DEFAULT '-1',
  `mem_bits` smallint(4) NOT NULL DEFAULT '-1',
  `mem_resident` int(10) NOT NULL DEFAULT '-1',
  `mem_virtual` int(10) NOT NULL DEFAULT '-1',
  `mem_supported` varchar(10) NOT NULL DEFAULT '-1',
  `mem_mapped` int(10) NOT NULL DEFAULT '-1',
  `mem_mappedWithJournal` int(10) NOT NULL DEFAULT '-1',
  `network_bytesIn_persecond` int(10) NOT NULL DEFAULT '-1',
  `network_bytesOut_persecond` int(10) NOT NULL DEFAULT '-1',
  `network_numRequests_persecond` int(10) NOT NULL DEFAULT '-1',
  `opcounters_insert_persecond` smallint(4) NOT NULL DEFAULT '-1',
  `opcounters_query_persecond` smallint(4) NOT NULL DEFAULT '-1',
  `opcounters_update_persecond` smallint(4) NOT NULL DEFAULT '-1',
  `opcounters_delete_persecond` smallint(4) NOT NULL DEFAULT '-1',
  `opcounters_command_persecond` smallint(4) NOT NULL DEFAULT '-1',
  `create_time` timestamp NOT NULL DEFAULT CURRENT_TIMESTAMP ON UPDATE CURRENT_TIMESTAMP,
  `YmdHi` bigint(18) NOT NULL DEFAULT '0',
  PRIMARY KEY (`id`),
  KEY `idx_serverid_ymdhi` (`server_id`,`YmdHi`) USING BTREE,
  KEY `idx_ymdhi` (`YmdHi`) USING BTREE
) ENGINE=InnoDB DEFAULT CHARSET=utf8;
/*!40101 SET character_set_client = @saved_cs_client */;

--
-- Dumping data for table `mongodb_status_history`
--

LOCK TABLES `mongodb_status_history` WRITE;
/*!40000 ALTER TABLE `mongodb_status_history` DISABLE KEYS */;
/*!40000 ALTER TABLE `mongodb_status_history` ENABLE KEYS */;
UNLOCK TABLES;

--
-- Table structure for table `mysql_backups`
--

DROP TABLE IF EXISTS `mysql_backups`;
/*!40101 SET @saved_cs_client     = @@character_set_client */;
/*!40101 SET character_set_client = utf8 */;
CREATE TABLE `mysql_backups` (
  `id` int(11) NOT NULL AUTO_INCREMENT,
  `server_id` smallint(4) NOT NULL,
  `tags` varchar(50) NOT NULL DEFAULT '',
  `host` varchar(30) DEFAULT NULL,
  `port` smallint(6) DEFAULT NULL,
  `back_tools` varchar(20) DEFAULT NULL COMMENT 'the tool be used to generate backups',
  `back_type` tinyint(4) DEFAULT NULL COMMENT '1:full;2:increment',
  `back_start` datetime DEFAULT NULL,
  `back_end` datetime DEFAULT NULL,
  `back_size` int(11) DEFAULT NULL,
  `back_status` tinyint(4) DEFAULT NULL COMMENT '1:full;2:increment',
  PRIMARY KEY (`id`)
) ENGINE=InnoDB DEFAULT CHARSET=utf8;
/*!40101 SET character_set_client = @saved_cs_client */;

--
-- Dumping data for table `mysql_backups`
--

LOCK TABLES `mysql_backups` WRITE;
/*!40000 ALTER TABLE `mysql_backups` DISABLE KEYS */;
/*!40000 ALTER TABLE `mysql_backups` ENABLE KEYS */;
UNLOCK TABLES;

--
-- Table structure for table `mysql_bigtable`
--

DROP TABLE IF EXISTS `mysql_bigtable`;
/*!40101 SET @saved_cs_client     = @@character_set_client */;
/*!40101 SET character_set_client = utf8 */;
CREATE TABLE `mysql_bigtable` (
  `id` int(11) NOT NULL AUTO_INCREMENT,
  `server_id` smallint(4) DEFAULT NULL,
  `host` varchar(30) NOT NULL,
  `port` varchar(10) NOT NULL,
  `tags` varchar(50) NOT NULL DEFAULT '',
  `db_name` varchar(50) DEFAULT NULL,
  `table_name` varchar(100) DEFAULT NULL,
  `table_size` decimal(10,2) DEFAULT NULL,
  `table_comment` varchar(200) DEFAULT NULL,
  `create_time` timestamp NULL DEFAULT CURRENT_TIMESTAMP,
  PRIMARY KEY (`id`),
  KEY `idx_server_id` (`server_id`) USING BTREE,
  KEY `idx_table_size` (`table_size`) USING BTREE
) ENGINE=InnoDB AUTO_INCREMENT=143597 DEFAULT CHARSET=utf8;
/*!40101 SET character_set_client = @saved_cs_client */;

--
-- Dumping data for table `mysql_bigtable`
--

LOCK TABLES `mysql_bigtable` WRITE;
/*!40000 ALTER TABLE `mysql_bigtable` DISABLE KEYS */;
INSERT INTO `mysql_bigtable` VALUES (143589,271,'192.168.10.155','3306','db1','33hao','33hao_goods_common',1.52,'商品公共内容表','2016-02-26 10:14:08'),(143590,271,'192.168.10.155','3306','db1','sbtest','sbtest1',3275.77,'','2016-02-26 10:14:08'),(143591,272,'192.168.10.156','3306','db2','33hao','33hao_goods_common',1.52,'商品公共内容表','2016-02-26 10:14:08'),(143592,271,'192.168.10.155','3306','db1','transdb','sbtest1',687.61,'','2016-02-26 10:14:08'),(143593,272,'192.168.10.156','3306','db2','sbtest','sbtest1',3504.78,'','2016-02-26 10:14:08'),(143594,271,'192.168.10.155','3306','db1','weshop','sykjshop_goods_common',2.52,'商品公共内容表','2016-02-26 10:14:08'),(143595,272,'192.168.10.156','3306','db2','transdb','sbtest1',708.64,'','2016-02-26 10:14:08'),(143596,272,'192.168.10.156','3306','db2','weshop','sykjshop_goods_common',2.52,'商品公共内容表','2016-02-26 10:14:08');
/*!40000 ALTER TABLE `mysql_bigtable` ENABLE KEYS */;
UNLOCK TABLES;

--
-- Table structure for table `mysql_replication`
--

DROP TABLE IF EXISTS `mysql_replication`;
/*!40101 SET @saved_cs_client     = @@character_set_client */;
/*!40101 SET character_set_client = utf8 */;
CREATE TABLE `mysql_replication` (
  `id` int(11) NOT NULL AUTO_INCREMENT,
  `server_id` smallint(4) DEFAULT NULL,
  `tags` varchar(50) NOT NULL DEFAULT '',
  `host` varchar(30) DEFAULT NULL,
  `port` varchar(20) DEFAULT NULL,
  `is_master` tinyint(2) DEFAULT '0',
  `is_slave` tinyint(2) unsigned DEFAULT '0',
  `read_only` varchar(10) DEFAULT NULL,
  `gtid_mode` varchar(10) DEFAULT NULL,
  `master_server` varchar(30) DEFAULT NULL,
  `master_port` varchar(20) DEFAULT NULL,
  `slave_io_run` varchar(20) DEFAULT NULL,
  `slave_sql_run` varchar(20) DEFAULT NULL,
  `delay` varchar(20) DEFAULT NULL,
  `current_binlog_file` varchar(30) DEFAULT NULL,
  `current_binlog_pos` varchar(30) DEFAULT NULL,
  `master_binlog_file` varchar(30) DEFAULT NULL,
  `master_binlog_pos` varchar(30) DEFAULT NULL,
  `master_binlog_space` bigint(18) NOT NULL DEFAULT '0',
  `create_time` timestamp NULL DEFAULT CURRENT_TIMESTAMP ON UPDATE CURRENT_TIMESTAMP,
  PRIMARY KEY (`id`)
) ENGINE=InnoDB AUTO_INCREMENT=1504144 DEFAULT CHARSET=utf8;
/*!40101 SET character_set_client = @saved_cs_client */;

--
-- Dumping data for table `mysql_replication`
--

LOCK TABLES `mysql_replication` WRITE;
/*!40000 ALTER TABLE `mysql_replication` DISABLE KEYS */;
INSERT INTO `mysql_replication` VALUES (1504141,273,'db3','192.168.10.157','3306',0,1,'ON','OFF','192.168.10.155','3306','Yes','Yes','0','mysql-bin.000039','2427555','mysql-bin.000039','2427555',0,'2016-02-26 10:14:32'),(1504142,271,'db1','192.168.10.155','3306',1,0,'OFF','OFF','---','---','---','---','---','---','---','mysql-bin.000039','2427555',1299195528,'2016-02-26 10:14:32'),(1504143,272,'db2','192.168.10.156','3306',0,1,'ON','OFF','192.168.10.155','3306','Yes','Yes','0','mysql-bin.000039','2427555','mysql-bin.000039','2427555',0,'2016-02-26 10:14:32');
/*!40000 ALTER TABLE `mysql_replication` ENABLE KEYS */;
UNLOCK TABLES;

--
-- Table structure for table `mysql_slow_query_review`
--

DROP TABLE IF EXISTS `mysql_slow_query_review`;
/*!40101 SET @saved_cs_client     = @@character_set_client */;
/*!40101 SET character_set_client = utf8 */;
CREATE TABLE `mysql_slow_query_review` (
  `checksum` bigint(20) unsigned NOT NULL,
  `fingerprint` text NOT NULL,
  `sample` text NOT NULL,
  `first_seen` datetime DEFAULT NULL,
  `last_seen` datetime DEFAULT NULL,
  `reviewed_by` varchar(20) DEFAULT NULL,
  `reviewed_on` datetime DEFAULT NULL,
  `comments` text,
  PRIMARY KEY (`checksum`),
  KEY `idx_checksum` (`checksum`) USING BTREE,
  KEY `idx_last_seen` (`last_seen`) USING BTREE
) ENGINE=InnoDB DEFAULT CHARSET=utf8;
/*!40101 SET character_set_client = @saved_cs_client */;

--
-- Dumping data for table `mysql_slow_query_review`
--


--
-- Table structure for table `mysql_slow_query_review_history`
--

DROP TABLE IF EXISTS `mysql_slow_query_review_history`;
/*!40101 SET @saved_cs_client     = @@character_set_client */;
/*!40101 SET character_set_client = utf8 */;
CREATE TABLE `mysql_slow_query_review_history` (
  `serverid_max` smallint(4) NOT NULL DEFAULT '0',
  `db_max` varchar(100) DEFAULT NULL,
  `user_max` varchar(100) DEFAULT NULL,
  `checksum` bigint(20) unsigned NOT NULL,
  `sample` text NOT NULL,
  `ts_min` datetime NOT NULL DEFAULT '0000-00-00 00:00:00',
  `ts_max` datetime NOT NULL DEFAULT '0000-00-00 00:00:00',
  `ts_cnt` float DEFAULT NULL,
  `Query_time_sum` float DEFAULT NULL,
  `Query_time_min` float DEFAULT NULL,
  `Query_time_max` float DEFAULT NULL,
  `Query_time_pct_95` float DEFAULT NULL,
  `Query_time_stddev` float DEFAULT NULL,
  `Query_time_median` float DEFAULT NULL,
  `Lock_time_sum` float DEFAULT NULL,
  `Lock_time_min` float DEFAULT NULL,
  `Lock_time_max` float DEFAULT NULL,
  `Lock_time_pct_95` float DEFAULT NULL,
  `Lock_time_stddev` float DEFAULT NULL,
  `Lock_time_median` float DEFAULT NULL,
  `Rows_sent_sum` float DEFAULT NULL,
  `Rows_sent_min` float DEFAULT NULL,
  `Rows_sent_max` float DEFAULT NULL,
  `Rows_sent_pct_95` float DEFAULT NULL,
  `Rows_sent_stddev` float DEFAULT NULL,
  `Rows_sent_median` float DEFAULT NULL,
  `Rows_examined_sum` float DEFAULT NULL,
  `Rows_examined_min` float DEFAULT NULL,
  `Rows_examined_max` float DEFAULT NULL,
  `Rows_examined_pct_95` float DEFAULT NULL,
  `Rows_examined_stddev` float DEFAULT NULL,
  `Rows_examined_median` float DEFAULT NULL,
  `Rows_affected_sum` float DEFAULT NULL,
  `Rows_affected_min` float DEFAULT NULL,
  `Rows_affected_max` float DEFAULT NULL,
  `Rows_affected_pct_95` float DEFAULT NULL,
  `Rows_affected_stddev` float DEFAULT NULL,
  `Rows_affected_median` float DEFAULT NULL,
  `Rows_read_sum` float DEFAULT NULL,
  `Rows_read_min` float DEFAULT NULL,
  `Rows_read_max` float DEFAULT NULL,
  `Rows_read_pct_95` float DEFAULT NULL,
  `Rows_read_stddev` float DEFAULT NULL,
  `Rows_read_median` float DEFAULT NULL,
  `Merge_passes_sum` float DEFAULT NULL,
  `Merge_passes_min` float DEFAULT NULL,
  `Merge_passes_max` float DEFAULT NULL,
  `Merge_passes_pct_95` float DEFAULT NULL,
  `Merge_passes_stddev` float DEFAULT NULL,
  `Merge_passes_median` float DEFAULT NULL,
  `InnoDB_IO_r_ops_min` float DEFAULT NULL,
  `InnoDB_IO_r_ops_max` float DEFAULT NULL,
  `InnoDB_IO_r_ops_pct_95` float DEFAULT NULL,
  `InnoDB_IO_r_ops_stddev` float DEFAULT NULL,
  `InnoDB_IO_r_ops_median` float DEFAULT NULL,
  `InnoDB_IO_r_bytes_min` float DEFAULT NULL,
  `InnoDB_IO_r_bytes_max` float DEFAULT NULL,
  `InnoDB_IO_r_bytes_pct_95` float DEFAULT NULL,
  `InnoDB_IO_r_bytes_stddev` float DEFAULT NULL,
  `InnoDB_IO_r_bytes_median` float DEFAULT NULL,
  `InnoDB_IO_r_wait_min` float DEFAULT NULL,
  `InnoDB_IO_r_wait_max` float DEFAULT NULL,
  `InnoDB_IO_r_wait_pct_95` float DEFAULT NULL,
  `InnoDB_IO_r_wait_stddev` float DEFAULT NULL,
  `InnoDB_IO_r_wait_median` float DEFAULT NULL,
  `InnoDB_rec_lock_wait_min` float DEFAULT NULL,
  `InnoDB_rec_lock_wait_max` float DEFAULT NULL,
  `InnoDB_rec_lock_wait_pct_95` float DEFAULT NULL,
  `InnoDB_rec_lock_wait_stddev` float DEFAULT NULL,
  `InnoDB_rec_lock_wait_median` float DEFAULT NULL,
  `InnoDB_queue_wait_min` float DEFAULT NULL,
  `InnoDB_queue_wait_max` float DEFAULT NULL,
  `InnoDB_queue_wait_pct_95` float DEFAULT NULL,
  `InnoDB_queue_wait_stddev` float DEFAULT NULL,
  `InnoDB_queue_wait_median` float DEFAULT NULL,
  `InnoDB_pages_distinct_min` float DEFAULT NULL,
  `InnoDB_pages_distinct_max` float DEFAULT NULL,
  `InnoDB_pages_distinct_pct_95` float DEFAULT NULL,
  `InnoDB_pages_distinct_stddev` float DEFAULT NULL,
  `InnoDB_pages_distinct_median` float DEFAULT NULL,
  `QC_Hit_cnt` float DEFAULT NULL,
  `QC_Hit_sum` float DEFAULT NULL,
  `Full_scan_cnt` float DEFAULT NULL,
  `Full_scan_sum` float DEFAULT NULL,
  `Full_join_cnt` float DEFAULT NULL,
  `Full_join_sum` float DEFAULT NULL,
  `Tmp_table_cnt` float DEFAULT NULL,
  `Tmp_table_sum` float DEFAULT NULL,
  `Tmp_table_on_disk_cnt` float DEFAULT NULL,
  `Tmp_table_on_disk_sum` float DEFAULT NULL,
  `Filesort_cnt` float DEFAULT NULL,
  `Filesort_sum` float DEFAULT NULL,
  `Filesort_on_disk_cnt` float DEFAULT NULL,
  `Filesort_on_disk_sum` float DEFAULT NULL,
  PRIMARY KEY (`checksum`,`ts_min`,`ts_max`),
  KEY `idx_serverid_max` (`serverid_max`) USING BTREE,
  KEY `idx_checksum` (`checksum`) USING BTREE,
  KEY `idx_query_time_max` (`Query_time_max`) USING BTREE
) ENGINE=InnoDB DEFAULT CHARSET=utf8;
/*!40101 SET character_set_client = @saved_cs_client */;

--
-- Dumping data for table `mysql_slow_query_review_history`
--


--
-- Table structure for table `mysql_slow_query_sendmail_log`
--

DROP TABLE IF EXISTS `mysql_slow_query_sendmail_log`;
/*!40101 SET @saved_cs_client     = @@character_set_client */;
/*!40101 SET character_set_client = utf8 */;
CREATE TABLE `mysql_slow_query_sendmail_log` (
  `id` int(10) NOT NULL AUTO_INCREMENT,
  `server_id` smallint(4) NOT NULL,
  `sendmail_status` tinyint(2) NOT NULL DEFAULT '0',
  `sendmail_info` varchar(50) DEFAULT NULL,
  `sendmail_time` timestamp NOT NULL DEFAULT CURRENT_TIMESTAMP ON UPDATE CURRENT_TIMESTAMP,
  PRIMARY KEY (`id`),
  KEY `idx_sendmail_time` (`sendmail_time`) USING BTREE,
  KEY `idx_server_id` (`server_id`) USING BTREE
) ENGINE=InnoDB DEFAULT CHARSET=utf8;
/*!40101 SET character_set_client = @saved_cs_client */;

--
-- Dumping data for table `mysql_slow_query_sendmail_log`
--

LOCK TABLES `mysql_slow_query_sendmail_log` WRITE;
/*!40000 ALTER TABLE `mysql_slow_query_sendmail_log` DISABLE KEYS */;
/*!40000 ALTER TABLE `mysql_slow_query_sendmail_log` ENABLE KEYS */;
UNLOCK TABLES;

--
-- Table structure for table `mysql_status`
--

DROP TABLE IF EXISTS `mysql_status`;
/*!40101 SET @saved_cs_client     = @@character_set_client */;
/*!40101 SET character_set_client = utf8 */;
CREATE TABLE `mysql_status` (
  `id` int(10) NOT NULL AUTO_INCREMENT,
  `server_id` smallint(4) NOT NULL DEFAULT '0',
  `host` varchar(30) NOT NULL,
  `port` varchar(10) NOT NULL,
  `tags` varchar(50) NOT NULL DEFAULT '',
  `connect` smallint(4) NOT NULL DEFAULT '0',
  `role` varchar(30) NOT NULL DEFAULT '-1',
  `uptime` int(11) NOT NULL DEFAULT '-1',
  `version` varchar(50) NOT NULL DEFAULT '-1',
  `max_connections` smallint(4) NOT NULL DEFAULT '-1',
  `max_connect_errors` smallint(4) NOT NULL DEFAULT '-1',
  `open_files_limit` int(10) NOT NULL DEFAULT '-1',
  `open_files` smallint(4) NOT NULL DEFAULT '-1',
  `table_open_cache` smallint(4) NOT NULL DEFAULT '-1',
  `open_tables` smallint(4) NOT NULL DEFAULT '-1',
  `max_tmp_tables` smallint(4) NOT NULL DEFAULT '-1',
  `max_heap_table_size` int(10) NOT NULL DEFAULT '-1',
  `max_allowed_packet` int(10) NOT NULL DEFAULT '-1',
  `threads_connected` int(10) NOT NULL DEFAULT '-1',
  `threads_running` int(10) NOT NULL DEFAULT '-1',
  `threads_waits` int(10) NOT NULL DEFAULT '-1',
  `threads_created` int(10) NOT NULL DEFAULT '-1',
  `threads_cached` int(10) NOT NULL DEFAULT '-1',
  `connections` int(10) NOT NULL DEFAULT '-1',
  `aborted_clients` int(10) NOT NULL DEFAULT '-1',
  `aborted_connects` int(10) NOT NULL DEFAULT '-1',
  `connections_persecond` smallint(4) NOT NULL DEFAULT '-1',
  `bytes_received_persecond` int(10) NOT NULL DEFAULT '-1',
  `bytes_sent_persecond` int(10) NOT NULL DEFAULT '-1',
  `com_select_persecond` smallint(4) NOT NULL DEFAULT '-1',
  `com_insert_persecond` smallint(4) NOT NULL DEFAULT '-1',
  `com_update_persecond` smallint(4) NOT NULL DEFAULT '-1',
  `com_delete_persecond` smallint(4) NOT NULL DEFAULT '-1',
  `com_commit_persecond` smallint(4) NOT NULL DEFAULT '-1',
  `com_rollback_persecond` smallint(4) NOT NULL DEFAULT '-1',
  `questions_persecond` int(10) NOT NULL DEFAULT '-1',
  `queries_persecond` int(10) NOT NULL DEFAULT '-1',
  `transaction_persecond` smallint(4) NOT NULL DEFAULT '-1',
  `created_tmp_tables_persecond` smallint(4) NOT NULL DEFAULT '-1',
  `created_tmp_disk_tables_persecond` smallint(4) NOT NULL DEFAULT '-1',
  `created_tmp_files_persecond` smallint(4) NOT NULL DEFAULT '-1',
  `table_locks_immediate_persecond` int(4) NOT NULL DEFAULT '-1',
  `table_locks_waited_persecond` smallint(4) NOT NULL DEFAULT '-1',
  `key_buffer_size` bigint(18) NOT NULL DEFAULT '-1',
  `sort_buffer_size` int(10) NOT NULL DEFAULT '-1',
  `join_buffer_size` int(10) NOT NULL DEFAULT '-1',
  `key_blocks_not_flushed` int(10) NOT NULL DEFAULT '-1',
  `key_blocks_unused` int(10) NOT NULL DEFAULT '-1',
  `key_blocks_used` int(10) NOT NULL DEFAULT '-1',
  `key_read_requests_persecond` int(10) NOT NULL DEFAULT '-1',
  `key_reads_persecond` int(10) NOT NULL DEFAULT '-1',
  `key_write_requests_persecond` int(10) NOT NULL DEFAULT '-1',
  `key_writes_persecond` int(10) NOT NULL DEFAULT '-1',
  `innodb_version` varchar(30) NOT NULL DEFAULT '-1',
  `innodb_buffer_pool_instances` smallint(4) NOT NULL DEFAULT '-1',
  `innodb_buffer_pool_size` bigint(18) NOT NULL DEFAULT '-1',
  `innodb_doublewrite` char(10) NOT NULL DEFAULT '-1',
  `innodb_file_per_table` char(10) NOT NULL DEFAULT '-1',
  `innodb_flush_log_at_trx_commit` tinyint(2) NOT NULL DEFAULT '-1',
  `innodb_flush_method` varchar(30) NOT NULL DEFAULT '-1',
  `innodb_force_recovery` tinyint(2) NOT NULL DEFAULT '-1',
  `innodb_io_capacity` int(10) NOT NULL DEFAULT '-1',
  `innodb_read_io_threads` tinyint(2) NOT NULL DEFAULT '-1',
  `innodb_write_io_threads` tinyint(2) NOT NULL DEFAULT '-1',
  `innodb_buffer_pool_pages_total` int(10) NOT NULL DEFAULT '-1' COMMENT '页总数目',
  `innodb_buffer_pool_pages_data` int(10) NOT NULL DEFAULT '-1' COMMENT '缓存池中包含数据的页的数目，包括脏页,单位page',
  `innodb_buffer_pool_pages_dirty` int(10) NOT NULL DEFAULT '-1' COMMENT '缓存池中脏页的数目-单位page',
  `innodb_buffer_pool_pages_flushed` bigint(18) NOT NULL DEFAULT '-1' COMMENT '缓存池中刷新页请求的数目-单位page',
  `innodb_buffer_pool_pages_free` int(10) NOT NULL DEFAULT '-1' COMMENT '剩余的页数目-单位是page',
  `innodb_buffer_pool_pages_misc` int(10) NOT NULL DEFAULT '-1' COMMENT '缓存池中当前已经被用作管理用途或hash index而不能用作为普通数据页的数目',
  `innodb_page_size` int(10) NOT NULL DEFAULT '-1',
  `innodb_pages_created` bigint(18) NOT NULL DEFAULT '-1',
  `innodb_pages_read` bigint(18) NOT NULL DEFAULT '-1',
  `innodb_pages_written` bigint(18) NOT NULL DEFAULT '-1',
  `innodb_row_lock_current_waits` varchar(100) NOT NULL DEFAULT '-1',
  `innodb_buffer_pool_pages_flushed_persecond` int(10) NOT NULL DEFAULT '-1',
  `innodb_buffer_pool_read_requests_persecond` int(10) NOT NULL DEFAULT '-1',
  `innodb_buffer_pool_reads_persecond` int(10) NOT NULL DEFAULT '-1',
  `innodb_buffer_pool_write_requests_persecond` int(10) NOT NULL DEFAULT '-1',
  `innodb_rows_read_persecond` int(10) NOT NULL DEFAULT '-1',
  `innodb_rows_inserted_persecond` int(10) NOT NULL DEFAULT '-1',
  `innodb_rows_updated_persecond` int(10) NOT NULL DEFAULT '-1',
  `innodb_rows_deleted_persecond` int(10) NOT NULL DEFAULT '-1',
  `query_cache_hitrate` varchar(10) NOT NULL DEFAULT '-1',
  `thread_cache_hitrate` varchar(10) NOT NULL DEFAULT '-1',
  `key_buffer_read_rate` varchar(10) NOT NULL DEFAULT '-1',
  `key_buffer_write_rate` varchar(10) NOT NULL DEFAULT '-1',
  `key_blocks_used_rate` varchar(10) NOT NULL DEFAULT '-1',
  `created_tmp_disk_tables_rate` varchar(10) NOT NULL DEFAULT '-1',
  `connections_usage_rate` varchar(10) NOT NULL DEFAULT '-1',
  `open_files_usage_rate` varchar(10) NOT NULL DEFAULT '-1',
  `open_tables_usage_rate` varchar(10) NOT NULL DEFAULT '-1',
  `create_time` timestamp NOT NULL DEFAULT CURRENT_TIMESTAMP ON UPDATE CURRENT_TIMESTAMP,
  PRIMARY KEY (`id`),
  KEY `idx_connections` (`threads_connected`) USING BTREE,
  KEY `idx_active` (`threads_running`) USING BTREE,
  KEY `idx_server_id` (`server_id`) USING BTREE
) ENGINE=InnoDB AUTO_INCREMENT=1773745 DEFAULT CHARSET=utf8;
/*!40101 SET character_set_client = @saved_cs_client */;

--
-- Dumping data for table `mysql_status`
--

--
-- Table structure for table `mysql_variables`
--

DROP TABLE IF EXISTS `mysql_variables`;
/*!40101 SET @saved_cs_client     = @@character_set_client */;
/*!40101 SET character_set_client = utf8 */;
CREATE TABLE `mysql_variables` (
  `id` int(11) NOT NULL AUTO_INCREMENT,
  `server_id` smallint(4) DEFAULT NULL,
  `host` varchar(30) NOT NULL,
  `port` varchar(10) NOT NULL,
  `tags` varchar(50) NOT NULL DEFAULT '',
  `variable_name` varchar(54) NOT NULL,
  `variable_value` varchar(500) DEFAULT NULL,
  `create_time` timestamp NULL DEFAULT CURRENT_TIMESTAMP,
  PRIMARY KEY (`id`),
  KEY `idx_server_id` (`server_id`) USING BTREE,
  KEY `idx_table_size` (`variable_name`) USING BTREE
) ENGINE=InnoDB AUTO_INCREMENT=1315 DEFAULT CHARSET=utf8;
/*!40101 SET character_set_client = @saved_cs_client */;

--
-- Dumping data for table `mysql_variables`
--


--
-- Table structure for table `mysql_variables_history`
--

DROP TABLE IF EXISTS `mysql_variables_history`;
/*!40101 SET @saved_cs_client     = @@character_set_client */;
/*!40101 SET character_set_client = utf8 */;
CREATE TABLE `mysql_variables_history` (
  `id` int(11) NOT NULL AUTO_INCREMENT,
  `server_id` smallint(4) DEFAULT NULL,
  `host` varchar(30) NOT NULL,
  `port` varchar(10) NOT NULL,
  `tags` varchar(50) NOT NULL DEFAULT '',
  `variable_name` varchar(54) NOT NULL,
  `variable_value_old` varchar(500) DEFAULT NULL,
  `variable_value_new` varchar(500) DEFAULT NULL,
  `is_processed` tinyint(1) NOT NULL DEFAULT '0',
  `remarks` varchar(20) DEFAULT NULL,
  `process_user` varchar(30) DEFAULT NULL,
  `is_delete` tinyint(1) DEFAULT '0',
  `alarm` tinyint(1) DEFAULT '1',
  `create_time` timestamp NULL DEFAULT CURRENT_TIMESTAMP,
  PRIMARY KEY (`id`),
  KEY `idx_server_id` (`server_id`) USING BTREE,
  KEY `idx_table_size` (`variable_name`) USING BTREE
) ENGINE=InnoDB AUTO_INCREMENT=102 DEFAULT CHARSET=utf8;
/*!40101 SET character_set_client = @saved_cs_client */;

--
-- Dumping data for table `mysql_variables_history`
--


--
-- Table structure for table `mysql_variables_mid`
--

DROP TABLE IF EXISTS `mysql_variables_mid`;
/*!40101 SET @saved_cs_client     = @@character_set_client */;
/*!40101 SET character_set_client = utf8 */;
CREATE TABLE `mysql_variables_mid` (
  `id` int(11) NOT NULL AUTO_INCREMENT,
  `server_id` smallint(4) DEFAULT NULL,
  `host` varchar(30) NOT NULL,
  `port` varchar(10) NOT NULL,
  `tags` varchar(50) NOT NULL DEFAULT '',
  `variable_name` varchar(54) NOT NULL,
  `variable_value` varchar(500) DEFAULT NULL,
  `create_time` timestamp NULL DEFAULT CURRENT_TIMESTAMP,
  PRIMARY KEY (`id`),
  KEY `idx_server_id` (`server_id`) USING BTREE,
  KEY `idx_table_size` (`variable_name`) USING BTREE
) ENGINE=InnoDB AUTO_INCREMENT=2048 DEFAULT CHARSET=utf8;
/*!40101 SET character_set_client = @saved_cs_client */;

--
-- Dumping data for table `mysql_variables_mid`
--

--
-- Table structure for table `options`
--

DROP TABLE IF EXISTS `options`;
/*!40101 SET @saved_cs_client     = @@character_set_client */;
/*!40101 SET character_set_client = utf8 */;
CREATE TABLE `options` (
  `name` varchar(50) DEFAULT NULL,
  `value` varchar(255) DEFAULT NULL,
  `description` varchar(100) DEFAULT NULL,
  KEY `idx_name` (`name`) USING BTREE
) ENGINE=InnoDB DEFAULT CHARSET=utf8;
/*!40101 SET character_set_client = @saved_cs_client */;

--
-- Dumping data for table `options`
--


--
-- Table structure for table `oracle_status`
--

DROP TABLE IF EXISTS `oracle_status`;
/*!40101 SET @saved_cs_client     = @@character_set_client */;
/*!40101 SET character_set_client = utf8 */;
CREATE TABLE `oracle_status` (
  `id` int(10) NOT NULL AUTO_INCREMENT,
  `server_id` smallint(4) NOT NULL DEFAULT '0',
  `host` varchar(50) NOT NULL,
  `port` varchar(10) NOT NULL,
  `tags` varchar(100) DEFAULT '',
  `connect` tinyint(2) NOT NULL DEFAULT '0',
  `instance_name` varchar(30) NOT NULL DEFAULT '-1',
  `instance_role` varchar(50) NOT NULL DEFAULT '-1',
  `instance_status` varchar(50) NOT NULL DEFAULT '-1',
  `database_role` varchar(50) NOT NULL DEFAULT '-1',
  `open_mode` varchar(30) NOT NULL DEFAULT '-1',
  `protection_mode` varchar(30) NOT NULL DEFAULT '-1',
  `host_name` varchar(50) NOT NULL DEFAULT '-1',
  `database_status` varchar(30) NOT NULL DEFAULT '-1',
  `startup_time` varchar(100) NOT NULL DEFAULT '-1',
  `uptime` varchar(100) NOT NULL DEFAULT '-1',
  `version` varchar(50) NOT NULL DEFAULT '-1',
  `archiver` varchar(50) NOT NULL DEFAULT '-1',
  `session_total` int(10) NOT NULL DEFAULT '-1',
  `session_actives` smallint(4) NOT NULL DEFAULT '-1',
  `session_waits` smallint(4) NOT NULL DEFAULT '-1',
  `dg_stats` varchar(255) NOT NULL DEFAULT '-1',
  `dg_delay` int(10) NOT NULL DEFAULT '-1',
  `processes` int(10) NOT NULL DEFAULT '-1',
  `session_logical_reads_persecond` int(10) NOT NULL DEFAULT '-1',
  `physical_reads_persecond` int(10) NOT NULL DEFAULT '-1',
  `physical_writes_persecond` int(10) NOT NULL DEFAULT '-1',
  `physical_read_io_requests_persecond` int(10) NOT NULL DEFAULT '-1',
  `physical_write_io_requests_persecond` int(10) NOT NULL DEFAULT '-1',
  `db_block_changes_persecond` int(10) NOT NULL DEFAULT '-1',
  `os_cpu_wait_time` int(10) NOT NULL DEFAULT '-1',
  `logons_persecond` int(10) NOT NULL DEFAULT '-1',
  `logons_current` int(10) NOT NULL DEFAULT '-1',
  `opened_cursors_persecond` int(10) NOT NULL DEFAULT '-1',
  `opened_cursors_current` int(10) NOT NULL DEFAULT '-1',
  `user_commits_persecond` int(10) NOT NULL DEFAULT '-1',
  `user_rollbacks_persecond` int(10) NOT NULL DEFAULT '-1',
  `user_calls_persecond` int(10) NOT NULL DEFAULT '-1',
  `db_block_gets_persecond` int(10) NOT NULL DEFAULT '-1',
  `create_time` timestamp NOT NULL DEFAULT CURRENT_TIMESTAMP ON UPDATE CURRENT_TIMESTAMP,
  PRIMARY KEY (`id`),
  KEY `idx_server_id` (`server_id`) USING BTREE
) ENGINE=InnoDB DEFAULT CHARSET=utf8;
/*!40101 SET character_set_client = @saved_cs_client */;

--
-- Dumping data for table `oracle_status`
--

LOCK TABLES `oracle_status` WRITE;
/*!40000 ALTER TABLE `oracle_status` DISABLE KEYS */;
/*!40000 ALTER TABLE `oracle_status` ENABLE KEYS */;
UNLOCK TABLES;

--
-- Table structure for table `oracle_status_history`
--

DROP TABLE IF EXISTS `oracle_status_history`;
/*!40101 SET @saved_cs_client     = @@character_set_client */;
/*!40101 SET character_set_client = utf8 */;
CREATE TABLE `oracle_status_history` (
  `id` int(10) NOT NULL AUTO_INCREMENT,
  `server_id` smallint(4) NOT NULL DEFAULT '0',
  `host` varchar(50) NOT NULL,
  `port` varchar(10) NOT NULL,
  `tags` varchar(100) DEFAULT '',
  `connect` tinyint(2) NOT NULL DEFAULT '0',
  `instance_name` varchar(30) NOT NULL DEFAULT '-1',
  `instance_role` varchar(50) NOT NULL DEFAULT '-1',
  `instance_status` varchar(50) NOT NULL DEFAULT '-1',
  `database_role` varchar(50) NOT NULL DEFAULT '-1',
  `open_mode` varchar(30) NOT NULL DEFAULT '-1',
  `protection_mode` varchar(30) NOT NULL DEFAULT '-1',
  `host_name` varchar(50) NOT NULL DEFAULT '-1',
  `database_status` varchar(30) NOT NULL DEFAULT '-1',
  `startup_time` varchar(100) NOT NULL DEFAULT '-1',
  `uptime` varchar(100) NOT NULL DEFAULT '-1',
  `version` varchar(50) NOT NULL DEFAULT '-1',
  `archiver` varchar(50) NOT NULL DEFAULT '-1',
  `session_total` int(10) NOT NULL DEFAULT '-1',
  `session_actives` smallint(4) NOT NULL DEFAULT '-1',
  `session_waits` smallint(4) NOT NULL DEFAULT '-1',
  `dg_stats` varchar(255) NOT NULL DEFAULT '-1',
  `dg_delay` int(10) NOT NULL DEFAULT '-1',
  `processes` int(10) NOT NULL DEFAULT '-1',
  `session_logical_reads_persecond` int(10) NOT NULL DEFAULT '-1',
  `physical_reads_persecond` int(10) NOT NULL DEFAULT '-1',
  `physical_writes_persecond` int(10) NOT NULL DEFAULT '-1',
  `physical_read_io_requests_persecond` int(10) NOT NULL DEFAULT '-1',
  `physical_write_io_requests_persecond` int(10) NOT NULL DEFAULT '-1',
  `db_block_changes_persecond` int(10) NOT NULL DEFAULT '-1',
  `os_cpu_wait_time` int(10) NOT NULL DEFAULT '-1',
  `logons_persecond` int(10) NOT NULL DEFAULT '-1',
  `logons_current` int(10) NOT NULL DEFAULT '-1',
  `opened_cursors_persecond` int(10) NOT NULL DEFAULT '-1',
  `opened_cursors_current` int(10) NOT NULL DEFAULT '-1',
  `user_commits_persecond` int(10) NOT NULL DEFAULT '-1',
  `user_rollbacks_persecond` int(10) NOT NULL DEFAULT '-1',
  `user_calls_persecond` int(10) NOT NULL DEFAULT '-1',
  `db_block_gets_persecond` int(10) NOT NULL DEFAULT '-1',
  `create_time` timestamp NOT NULL DEFAULT CURRENT_TIMESTAMP ON UPDATE CURRENT_TIMESTAMP,
  `ymdhi` bigint(10) NOT NULL DEFAULT '0',
  PRIMARY KEY (`id`),
  KEY `idx_server_id` (`server_id`) USING BTREE,
  KEY `idx_ymdhi` (`ymdhi`) USING BTREE
) ENGINE=InnoDB DEFAULT CHARSET=utf8;
/*!40101 SET character_set_client = @saved_cs_client */;

--
-- Dumping data for table `oracle_status_history`
--

LOCK TABLES `oracle_status_history` WRITE;
/*!40000 ALTER TABLE `oracle_status_history` DISABLE KEYS */;
/*!40000 ALTER TABLE `oracle_status_history` ENABLE KEYS */;
UNLOCK TABLES;

--
-- Table structure for table `oracle_tablespace`
--

DROP TABLE IF EXISTS `oracle_tablespace`;
/*!40101 SET @saved_cs_client     = @@character_set_client */;
/*!40101 SET character_set_client = utf8 */;
CREATE TABLE `oracle_tablespace` (
  `id` int(10) NOT NULL AUTO_INCREMENT,
  `server_id` smallint(4) NOT NULL DEFAULT '0',
  `host` varchar(50) NOT NULL DEFAULT '0',
  `port` varchar(30) NOT NULL DEFAULT '0',
  `tags` varchar(50) NOT NULL DEFAULT '',
  `tablespace_name` varchar(100) NOT NULL,
  `total_size` bigint(18) NOT NULL DEFAULT '0',
  `used_size` bigint(18) NOT NULL DEFAULT '0',
  `avail_size` bigint(18) NOT NULL DEFAULT '0',
  `used_rate` varchar(255) NOT NULL DEFAULT '0',
  `create_time` timestamp NOT NULL DEFAULT CURRENT_TIMESTAMP ON UPDATE CURRENT_TIMESTAMP,
  PRIMARY KEY (`id`),
  KEY `idx_server_id` (`server_id`) USING BTREE
) ENGINE=InnoDB DEFAULT CHARSET=utf8;
/*!40101 SET character_set_client = @saved_cs_client */;

--
-- Dumping data for table `oracle_tablespace`
--

LOCK TABLES `oracle_tablespace` WRITE;
/*!40000 ALTER TABLE `oracle_tablespace` DISABLE KEYS */;
/*!40000 ALTER TABLE `oracle_tablespace` ENABLE KEYS */;
UNLOCK TABLES;

--
-- Table structure for table `oracle_tablespace_history`
--

DROP TABLE IF EXISTS `oracle_tablespace_history`;
/*!40101 SET @saved_cs_client     = @@character_set_client */;
/*!40101 SET character_set_client = utf8 */;
CREATE TABLE `oracle_tablespace_history` (
  `id` int(10) NOT NULL AUTO_INCREMENT,
  `server_id` smallint(4) NOT NULL DEFAULT '0',
  `host` varchar(50) NOT NULL DEFAULT '0',
  `port` varchar(30) NOT NULL DEFAULT '0',
  `tags` varchar(50) NOT NULL DEFAULT '',
  `tablespace_name` varchar(100) NOT NULL,
  `total_size` bigint(18) NOT NULL DEFAULT '0',
  `used_size` bigint(18) NOT NULL DEFAULT '0',
  `avail_size` bigint(18) NOT NULL DEFAULT '0',
  `used_rate` varchar(255) NOT NULL DEFAULT '0',
  `create_time` timestamp NOT NULL DEFAULT CURRENT_TIMESTAMP ON UPDATE CURRENT_TIMESTAMP,
  `ymdhi` bigint(18) NOT NULL DEFAULT '0',
  PRIMARY KEY (`id`),
  KEY `idx_server_id` (`server_id`) USING BTREE
) ENGINE=InnoDB DEFAULT CHARSET=utf8;
/*!40101 SET character_set_client = @saved_cs_client */;

--
-- Dumping data for table `oracle_tablespace_history`
--

LOCK TABLES `oracle_tablespace_history` WRITE;
/*!40000 ALTER TABLE `oracle_tablespace_history` DISABLE KEYS */;
/*!40000 ALTER TABLE `oracle_tablespace_history` ENABLE KEYS */;
UNLOCK TABLES;

--
-- Table structure for table `os_disk`
--

DROP TABLE IF EXISTS `os_disk`;
/*!40101 SET @saved_cs_client     = @@character_set_client */;
/*!40101 SET character_set_client = utf8 */;
CREATE TABLE `os_disk` (
  `id` int(10) NOT NULL AUTO_INCREMENT,
  `ip` varchar(50) NOT NULL,
  `tags` varchar(100) DEFAULT NULL,
  `mounted` varchar(50) NOT NULL DEFAULT '0',
  `total_size` bigint(18) NOT NULL DEFAULT '0',
  `used_size` bigint(18) NOT NULL DEFAULT '0',
  `avail_size` bigint(18) NOT NULL DEFAULT '0',
  `used_rate` varchar(255) NOT NULL DEFAULT '0',
  `create_time` timestamp NOT NULL DEFAULT CURRENT_TIMESTAMP ON UPDATE CURRENT_TIMESTAMP,
  PRIMARY KEY (`id`),
  KEY `idx_ip` (`ip`) USING BTREE
) ENGINE=InnoDB DEFAULT CHARSET=utf8;
/*!40101 SET character_set_client = @saved_cs_client */;

--
-- Dumping data for table `os_disk`
--

LOCK TABLES `os_disk` WRITE;
/*!40000 ALTER TABLE `os_disk` DISABLE KEYS */;
/*!40000 ALTER TABLE `os_disk` ENABLE KEYS */;
UNLOCK TABLES;

--
-- Table structure for table `os_disk_history`
--

DROP TABLE IF EXISTS `os_disk_history`;
/*!40101 SET @saved_cs_client     = @@character_set_client */;
/*!40101 SET character_set_client = utf8 */;
CREATE TABLE `os_disk_history` (
  `id` int(10) NOT NULL AUTO_INCREMENT,
  `ip` varchar(50) NOT NULL,
  `tags` varchar(100) DEFAULT NULL,
  `mounted` varchar(50) NOT NULL DEFAULT '0',
  `total_size` bigint(18) NOT NULL DEFAULT '0',
  `used_size` bigint(18) NOT NULL DEFAULT '0',
  `avail_size` bigint(18) NOT NULL DEFAULT '0',
  `used_rate` varchar(255) NOT NULL DEFAULT '0',
  `create_time` timestamp NOT NULL DEFAULT CURRENT_TIMESTAMP ON UPDATE CURRENT_TIMESTAMP,
  `YmdHi` bigint(18) NOT NULL DEFAULT '0',
  PRIMARY KEY (`id`),
  KEY `idx_ip` (`ip`) USING BTREE
) ENGINE=InnoDB DEFAULT CHARSET=utf8;
/*!40101 SET character_set_client = @saved_cs_client */;

--
-- Dumping data for table `os_disk_history`
--

LOCK TABLES `os_disk_history` WRITE;
/*!40000 ALTER TABLE `os_disk_history` DISABLE KEYS */;
/*!40000 ALTER TABLE `os_disk_history` ENABLE KEYS */;
UNLOCK TABLES;

--
-- Table structure for table `os_diskio`
--

DROP TABLE IF EXISTS `os_diskio`;
/*!40101 SET @saved_cs_client     = @@character_set_client */;
/*!40101 SET character_set_client = utf8 */;
CREATE TABLE `os_diskio` (
  `id` int(10) NOT NULL AUTO_INCREMENT,
  `ip` varchar(50) NOT NULL,
  `tags` varchar(100) DEFAULT NULL,
  `fdisk` varchar(50) NOT NULL DEFAULT '0',
  `disk_io_reads` bigint(18) NOT NULL DEFAULT '0',
  `disk_io_writes` bigint(18) NOT NULL DEFAULT '0',
  `create_time` timestamp NOT NULL DEFAULT CURRENT_TIMESTAMP ON UPDATE CURRENT_TIMESTAMP,
  PRIMARY KEY (`id`)
) ENGINE=InnoDB DEFAULT CHARSET=utf8;
/*!40101 SET character_set_client = @saved_cs_client */;

--
-- Dumping data for table `os_diskio`
--

LOCK TABLES `os_diskio` WRITE;
/*!40000 ALTER TABLE `os_diskio` DISABLE KEYS */;
/*!40000 ALTER TABLE `os_diskio` ENABLE KEYS */;
UNLOCK TABLES;

--
-- Table structure for table `os_diskio_history`
--

DROP TABLE IF EXISTS `os_diskio_history`;
/*!40101 SET @saved_cs_client     = @@character_set_client */;
/*!40101 SET character_set_client = utf8 */;
CREATE TABLE `os_diskio_history` (
  `id` int(10) NOT NULL AUTO_INCREMENT,
  `ip` varchar(50) NOT NULL,
  `tags` varchar(100) DEFAULT NULL,
  `fdisk` varchar(50) NOT NULL DEFAULT '0',
  `disk_io_reads` bigint(18) NOT NULL DEFAULT '0',
  `disk_io_writes` bigint(18) NOT NULL DEFAULT '0',
  `create_time` timestamp NOT NULL DEFAULT CURRENT_TIMESTAMP ON UPDATE CURRENT_TIMESTAMP,
  `YmdHi` bigint(10) NOT NULL DEFAULT '0',
  PRIMARY KEY (`id`),
  KEY `idx_ymdhi` (`YmdHi`) USING BTREE,
  KEY `idx_ip_ymdhi` (`ip`,`YmdHi`),
  KEY `idx_io_reads` (`disk_io_reads`),
  KEY `idx_io_writes` (`disk_io_writes`)
) ENGINE=InnoDB DEFAULT CHARSET=utf8;
/*!40101 SET character_set_client = @saved_cs_client */;

--
-- Dumping data for table `os_diskio_history`
--

LOCK TABLES `os_diskio_history` WRITE;
/*!40000 ALTER TABLE `os_diskio_history` DISABLE KEYS */;
/*!40000 ALTER TABLE `os_diskio_history` ENABLE KEYS */;
UNLOCK TABLES;

--
-- Table structure for table `os_net`
--

DROP TABLE IF EXISTS `os_net`;
/*!40101 SET @saved_cs_client     = @@character_set_client */;
/*!40101 SET character_set_client = utf8 */;
CREATE TABLE `os_net` (
  `id` int(10) NOT NULL AUTO_INCREMENT,
  `ip` varchar(50) NOT NULL,
  `tags` varchar(100) DEFAULT NULL,
  `if_descr` varchar(50) NOT NULL DEFAULT '0',
  `in_bytes` bigint(18) NOT NULL DEFAULT '0',
  `out_bytes` bigint(18) NOT NULL DEFAULT '0',
  `create_time` timestamp NOT NULL DEFAULT CURRENT_TIMESTAMP ON UPDATE CURRENT_TIMESTAMP,
  PRIMARY KEY (`id`),
  KEY `idx_ip` (`ip`) USING BTREE
) ENGINE=InnoDB DEFAULT CHARSET=utf8;
/*!40101 SET character_set_client = @saved_cs_client */;

--
-- Dumping data for table `os_net`
--

LOCK TABLES `os_net` WRITE;
/*!40000 ALTER TABLE `os_net` DISABLE KEYS */;
/*!40000 ALTER TABLE `os_net` ENABLE KEYS */;
UNLOCK TABLES;

--
-- Table structure for table `os_net_history`
--

DROP TABLE IF EXISTS `os_net_history`;
/*!40101 SET @saved_cs_client     = @@character_set_client */;
/*!40101 SET character_set_client = utf8 */;
CREATE TABLE `os_net_history` (
  `id` int(10) NOT NULL AUTO_INCREMENT,
  `ip` varchar(50) NOT NULL,
  `tags` varchar(100) DEFAULT NULL,
  `if_descr` varchar(50) NOT NULL DEFAULT '0',
  `in_bytes` bigint(18) NOT NULL DEFAULT '0',
  `out_bytes` bigint(18) NOT NULL DEFAULT '0',
  `create_time` timestamp NOT NULL DEFAULT CURRENT_TIMESTAMP ON UPDATE CURRENT_TIMESTAMP,
  `YmdHi` bigint(18) NOT NULL DEFAULT '0',
  PRIMARY KEY (`id`),
  KEY `idx_ip` (`ip`) USING BTREE
) ENGINE=InnoDB DEFAULT CHARSET=utf8;
/*!40101 SET character_set_client = @saved_cs_client */;

--
-- Dumping data for table `os_net_history`
--

LOCK TABLES `os_net_history` WRITE;
/*!40000 ALTER TABLE `os_net_history` DISABLE KEYS */;
/*!40000 ALTER TABLE `os_net_history` ENABLE KEYS */;
UNLOCK TABLES;

--
-- Table structure for table `os_status`
--

DROP TABLE IF EXISTS `os_status`;
/*!40101 SET @saved_cs_client     = @@character_set_client */;
/*!40101 SET character_set_client = utf8 */;
CREATE TABLE `os_status` (
  `id` int(10) NOT NULL AUTO_INCREMENT,
  `ip` varchar(50) NOT NULL,
  `snmp` tinyint(2) NOT NULL DEFAULT '0',
  `tags` varchar(100) DEFAULT NULL,
  `hostname` varchar(100) NOT NULL DEFAULT '-1',
  `kernel` varchar(50) NOT NULL DEFAULT '-1',
  `system_date` varchar(50) NOT NULL DEFAULT '-1',
  `system_uptime` varchar(50) NOT NULL DEFAULT '-1',
  `process` smallint(4) NOT NULL DEFAULT '-1',
  `load_1` decimal(4,2) NOT NULL DEFAULT '-1.00',
  `load_5` decimal(4,2) NOT NULL DEFAULT '-1.00',
  `load_15` decimal(4,2) NOT NULL DEFAULT '-1.00',
  `cpu_user_time` tinyint(4) NOT NULL DEFAULT '-1',
  `cpu_system_time` tinyint(4) NOT NULL DEFAULT '-1',
  `cpu_idle_time` tinyint(4) NOT NULL DEFAULT '-1',
  `swap_total` int(11) NOT NULL DEFAULT '-1',
  `swap_avail` int(11) NOT NULL DEFAULT '-1',
  `mem_total` int(11) NOT NULL DEFAULT '-1',
  `mem_used` int(11) NOT NULL DEFAULT '-1',
  `mem_free` int(11) NOT NULL DEFAULT '-1',
  `mem_shared` int(11) NOT NULL DEFAULT '-1',
  `mem_buffered` int(11) NOT NULL DEFAULT '-1',
  `mem_cached` int(11) NOT NULL DEFAULT '-1',
  `mem_usage_rate` varchar(50) NOT NULL DEFAULT '-1',
  `mem_available` varchar(50) NOT NULL DEFAULT '-1',
  `disk_io_reads_total` int(10) NOT NULL DEFAULT '-1',
  `disk_io_writes_total` int(10) NOT NULL DEFAULT '-1',
  `net_in_bytes_total` bigint(18) NOT NULL DEFAULT '-1',
  `net_out_bytes_total` bigint(18) NOT NULL DEFAULT '-1',
  `create_time` timestamp NOT NULL DEFAULT CURRENT_TIMESTAMP ON UPDATE CURRENT_TIMESTAMP,
  PRIMARY KEY (`id`),
  KEY `idx_ip_create_time` (`ip`,`create_time`) USING BTREE,
  KEY `idx_create_time` (`create_time`) USING BTREE
) ENGINE=InnoDB DEFAULT CHARSET=utf8;
/*!40101 SET character_set_client = @saved_cs_client */;

--
-- Dumping data for table `os_status`
--

LOCK TABLES `os_status` WRITE;
/*!40000 ALTER TABLE `os_status` DISABLE KEYS */;
/*!40000 ALTER TABLE `os_status` ENABLE KEYS */;
UNLOCK TABLES;

--
-- Table structure for table `os_status_history`
--

DROP TABLE IF EXISTS `os_status_history`;
/*!40101 SET @saved_cs_client     = @@character_set_client */;
/*!40101 SET character_set_client = utf8 */;
CREATE TABLE `os_status_history` (
  `id` int(10) NOT NULL AUTO_INCREMENT,
  `ip` varchar(50) NOT NULL,
  `snmp` tinyint(2) NOT NULL DEFAULT '0',
  `tags` varchar(100) DEFAULT NULL,
  `hostname` varchar(100) NOT NULL DEFAULT '-1',
  `kernel` varchar(50) NOT NULL DEFAULT '-1',
  `system_date` varchar(50) NOT NULL DEFAULT '-1',
  `system_uptime` varchar(50) NOT NULL DEFAULT '-1',
  `process` smallint(4) NOT NULL DEFAULT '-1',
  `load_1` decimal(4,2) NOT NULL DEFAULT '-1.00',
  `load_5` decimal(4,2) NOT NULL DEFAULT '-1.00',
  `load_15` decimal(4,2) NOT NULL DEFAULT '-1.00',
  `cpu_user_time` tinyint(4) NOT NULL DEFAULT '-1',
  `cpu_system_time` tinyint(4) NOT NULL DEFAULT '-1',
  `cpu_idle_time` tinyint(4) NOT NULL DEFAULT '-1',
  `swap_total` int(11) NOT NULL DEFAULT '-1',
  `swap_avail` int(11) NOT NULL DEFAULT '-1',
  `mem_total` int(11) NOT NULL DEFAULT '-1',
  `mem_used` int(11) NOT NULL DEFAULT '-1',
  `mem_free` int(11) NOT NULL DEFAULT '-1',
  `mem_shared` int(11) NOT NULL DEFAULT '-1',
  `mem_buffered` int(11) NOT NULL DEFAULT '-1',
  `mem_cached` int(11) NOT NULL DEFAULT '-1',
  `mem_usage_rate` varchar(50) NOT NULL DEFAULT '-1',
  `mem_available` varchar(50) NOT NULL DEFAULT '-1',
  `disk_io_reads_total` int(10) NOT NULL DEFAULT '-1',
  `disk_io_writes_total` int(10) NOT NULL DEFAULT '-1',
  `net_in_bytes_total` bigint(18) NOT NULL DEFAULT '-1',
  `net_out_bytes_total` bigint(18) NOT NULL DEFAULT '-1',
  `create_time` timestamp NULL DEFAULT CURRENT_TIMESTAMP,
  `YmdHi` bigint(18) NOT NULL DEFAULT '0',
  PRIMARY KEY (`id`),
  KEY `idx_host_ymdhi` (`ip`,`YmdHi`),
  KEY `idx_ymdhi` (`YmdHi`) USING BTREE,
  KEY `idx_createtime` (`create_time`) USING BTREE
) ENGINE=InnoDB AUTO_INCREMENT=38 DEFAULT CHARSET=utf8;
/*!40101 SET character_set_client = @saved_cs_client */;

--
-- Dumping data for table `os_status_history`
--

LOCK TABLES `os_status_history` WRITE;
/*!40000 ALTER TABLE `os_status_history` DISABLE KEYS */;
INSERT INTO `os_status_history` VALUES (2,'0',0,'','-1','-1','-1','-1',-1,-1.00,-1.00,-1.00,-1,-1,-1,-1,-1,-1,-1,-1,-1,-1,-1,'-1','-1',-1,-1,-1,-1,'2016-01-19 03:38:46',201601191138),(3,'0',0,'','-1','-1','-1','-1',-1,-1.00,-1.00,-1.00,-1,-1,-1,-1,-1,-1,-1,-1,-1,-1,-1,'-1','-1',-1,-1,-1,-1,'2016-01-19 03:38:47',201601191138),(4,'0',0,'','-1','-1','-1','-1',-1,-1.00,-1.00,-1.00,-1,-1,-1,-1,-1,-1,-1,-1,-1,-1,-1,'-1','-1',-1,-1,-1,-1,'2016-01-19 03:38:48',201601191138),(5,'0',0,'','-1','-1','-1','-1',-1,-1.00,-1.00,-1.00,-1,-1,-1,-1,-1,-1,-1,-1,-1,-1,-1,'-1','-1',-1,-1,-1,-1,'2016-01-19 03:38:49',201601191138),(6,'0',0,'','-1','-1','-1','-1',-1,-1.00,-1.00,-1.00,-1,-1,-1,-1,-1,-1,-1,-1,-1,-1,-1,'-1','-1',-1,-1,-1,-1,'2016-01-19 03:39:50',201601191139),(7,'0',0,'','-1','-1','-1','-1',-1,-1.00,-1.00,-1.00,-1,-1,-1,-1,-1,-1,-1,-1,-1,-1,-1,'-1','-1',-1,-1,-1,-1,'2016-01-19 03:39:51',201601191139),(8,'0',0,'','-1','-1','-1','-1',-1,-1.00,-1.00,-1.00,-1,-1,-1,-1,-1,-1,-1,-1,-1,-1,-1,'-1','-1',-1,-1,-1,-1,'2016-01-19 03:39:52',201601191139),(9,'0',0,'','-1','-1','-1','-1',-1,-1.00,-1.00,-1.00,-1,-1,-1,-1,-1,-1,-1,-1,-1,-1,-1,'-1','-1',-1,-1,-1,-1,'2016-01-19 03:39:53',201601191139),(10,'0',0,'','-1','-1','-1','-1',-1,-1.00,-1.00,-1.00,-1,-1,-1,-1,-1,-1,-1,-1,-1,-1,-1,'-1','-1',-1,-1,-1,-1,'2016-01-19 03:40:54',201601191140),(11,'0',0,'','-1','-1','-1','-1',-1,-1.00,-1.00,-1.00,-1,-1,-1,-1,-1,-1,-1,-1,-1,-1,-1,'-1','-1',-1,-1,-1,-1,'2016-01-19 03:40:55',201601191140),(12,'0',0,'','-1','-1','-1','-1',-1,-1.00,-1.00,-1.00,-1,-1,-1,-1,-1,-1,-1,-1,-1,-1,-1,'-1','-1',-1,-1,-1,-1,'2016-01-19 03:40:56',201601191140),(13,'0',0,'','-1','-1','-1','-1',-1,-1.00,-1.00,-1.00,-1,-1,-1,-1,-1,-1,-1,-1,-1,-1,-1,'-1','-1',-1,-1,-1,-1,'2016-01-19 03:40:57',201601191140),(14,'0',0,'','-1','-1','-1','-1',-1,-1.00,-1.00,-1.00,-1,-1,-1,-1,-1,-1,-1,-1,-1,-1,-1,'-1','-1',-1,-1,-1,-1,'2016-01-19 03:41:58',201601191141),(15,'0',0,'','-1','-1','-1','-1',-1,-1.00,-1.00,-1.00,-1,-1,-1,-1,-1,-1,-1,-1,-1,-1,-1,'-1','-1',-1,-1,-1,-1,'2016-01-19 03:41:59',201601191141),(18,'192.168.2.155',0,'','-1','-1','-1','-1',-1,-1.00,-1.00,-1.00,-1,-1,-1,-1,-1,-1,-1,-1,-1,-1,-1,'-1','-1',-1,-1,-1,-1,'2016-01-19 03:43:02',201601191143),(19,'192.168.10.155',0,'','-1','-1','-1','-1',-1,-1.00,-1.00,-1.00,-1,-1,-1,-1,-1,-1,-1,-1,-1,-1,-1,'-1','-1',-1,-1,-1,-1,'2016-01-19 03:43:03',201601191143),(20,'0',0,'','-1','-1','-1','-1',-1,-1.00,-1.00,-1.00,-1,-1,-1,-1,-1,-1,-1,-1,-1,-1,-1,'-1','-1',-1,-1,-1,-1,'2016-01-19 03:43:04',201601191143),(22,'192.168.2.155',0,'','-1','-1','-1','-1',-1,-1.00,-1.00,-1.00,-1,-1,-1,-1,-1,-1,-1,-1,-1,-1,-1,'-1','-1',-1,-1,-1,-1,'2016-01-19 03:44:07',201601191144),(23,'192.168.10.155',0,'','-1','-1','-1','-1',-1,-1.00,-1.00,-1.00,-1,-1,-1,-1,-1,-1,-1,-1,-1,-1,-1,'-1','-1',-1,-1,-1,-1,'2016-01-19 03:44:08',201601191144),(24,'192.168.10.156',0,'','-1','-1','-1','-1',-1,-1.00,-1.00,-1.00,-1,-1,-1,-1,-1,-1,-1,-1,-1,-1,-1,'-1','-1',-1,-1,-1,-1,'2016-01-19 03:44:09',201601191144),(25,'192.168.2.157',0,'','-1','-1','-1','-1',-1,-1.00,-1.00,-1.00,-1,-1,-1,-1,-1,-1,-1,-1,-1,-1,-1,'-1','-1',-1,-1,-1,-1,'2016-01-19 03:44:10',201601191144),(26,'192.168.2.155',0,'','-1','-1','-1','-1',-1,-1.00,-1.00,-1.00,-1,-1,-1,-1,-1,-1,-1,-1,-1,-1,-1,'-1','-1',-1,-1,-1,-1,'2016-01-19 03:45:11',201601191145),(27,'192.168.10.155',0,'','-1','-1','-1','-1',-1,-1.00,-1.00,-1.00,-1,-1,-1,-1,-1,-1,-1,-1,-1,-1,-1,'-1','-1',-1,-1,-1,-1,'2016-01-19 03:45:12',201601191145),(28,'192.168.10.156',0,'','-1','-1','-1','-1',-1,-1.00,-1.00,-1.00,-1,-1,-1,-1,-1,-1,-1,-1,-1,-1,-1,'-1','-1',-1,-1,-1,-1,'2016-01-19 03:45:13',201601191145),(29,'192.168.2.157',0,'','-1','-1','-1','-1',-1,-1.00,-1.00,-1.00,-1,-1,-1,-1,-1,-1,-1,-1,-1,-1,-1,'-1','-1',-1,-1,-1,-1,'2016-01-19 03:45:14',201601191145),(30,'192.168.2.155',0,'','-1','-1','-1','-1',-1,-1.00,-1.00,-1.00,-1,-1,-1,-1,-1,-1,-1,-1,-1,-1,-1,'-1','-1',-1,-1,-1,-1,'2016-01-19 03:46:15',201601191146),(31,'192.168.10.155',0,'','-1','-1','-1','-1',-1,-1.00,-1.00,-1.00,-1,-1,-1,-1,-1,-1,-1,-1,-1,-1,-1,'-1','-1',-1,-1,-1,-1,'2016-01-19 03:46:16',201601191146),(32,'192.168.10.156',0,'','-1','-1','-1','-1',-1,-1.00,-1.00,-1.00,-1,-1,-1,-1,-1,-1,-1,-1,-1,-1,-1,'-1','-1',-1,-1,-1,-1,'2016-01-19 03:46:17',201601191146),(33,'192.168.2.157',0,'','-1','-1','-1','-1',-1,-1.00,-1.00,-1.00,-1,-1,-1,-1,-1,-1,-1,-1,-1,-1,-1,'-1','-1',-1,-1,-1,-1,'2016-01-19 03:46:18',201601191146),(34,'192.168.2.155',0,'','-1','-1','-1','-1',-1,-1.00,-1.00,-1.00,-1,-1,-1,-1,-1,-1,-1,-1,-1,-1,-1,'-1','-1',-1,-1,-1,-1,'2016-01-19 03:47:19',201601191147),(35,'192.168.10.155',0,'','-1','-1','-1','-1',-1,-1.00,-1.00,-1.00,-1,-1,-1,-1,-1,-1,-1,-1,-1,-1,-1,'-1','-1',-1,-1,-1,-1,'2016-01-19 03:47:20',201601191147),(36,'192.168.10.156',0,'','-1','-1','-1','-1',-1,-1.00,-1.00,-1.00,-1,-1,-1,-1,-1,-1,-1,-1,-1,-1,-1,'-1','-1',-1,-1,-1,-1,'2016-01-19 03:47:21',201601191147),(37,'192.168.2.157',0,'','-1','-1','-1','-1',-1,-1.00,-1.00,-1.00,-1,-1,-1,-1,-1,-1,-1,-1,-1,-1,-1,'-1','-1',-1,-1,-1,-1,'2016-01-19 03:47:22',201601191147);
/*!40000 ALTER TABLE `os_status_history` ENABLE KEYS */;
UNLOCK TABLES;

--
-- Table structure for table `redis_replication`
--

DROP TABLE IF EXISTS `redis_replication`;
/*!40101 SET @saved_cs_client     = @@character_set_client */;
/*!40101 SET character_set_client = utf8 */;
CREATE TABLE `redis_replication` (
  `id` int(11) NOT NULL AUTO_INCREMENT,
  `server_id` smallint(4) NOT NULL DEFAULT '0',
  `tags` varchar(50) NOT NULL DEFAULT '',
  `host` varchar(30) DEFAULT '0',
  `port` smallint(4) DEFAULT '0',
  `role` varchar(20) DEFAULT '0',
  `master_server_id` smallint(4) NOT NULL DEFAULT '0',
  `master_host` varchar(20) DEFAULT '0',
  `master_port` varchar(20) DEFAULT '0',
  `master_link_status` varchar(20) DEFAULT '0',
  `master_last_io_seconds_ago` varchar(20) DEFAULT '0',
  `master_sync_in_progress` varchar(20) DEFAULT '0',
  `slave_priority` varchar(20) DEFAULT '0',
  `slave_read_only` varchar(20) DEFAULT '0',
  `connected_slaves` smallint(4) DEFAULT '0',
  `create_time` timestamp NOT NULL DEFAULT CURRENT_TIMESTAMP ON UPDATE CURRENT_TIMESTAMP,
  PRIMARY KEY (`id`)
) ENGINE=InnoDB DEFAULT CHARSET=utf8;
/*!40101 SET character_set_client = @saved_cs_client */;

--
-- Dumping data for table `redis_replication`
--

LOCK TABLES `redis_replication` WRITE;
/*!40000 ALTER TABLE `redis_replication` DISABLE KEYS */;
/*!40000 ALTER TABLE `redis_replication` ENABLE KEYS */;
UNLOCK TABLES;

--
-- Table structure for table `redis_replication_history`
--

DROP TABLE IF EXISTS `redis_replication_history`;
/*!40101 SET @saved_cs_client     = @@character_set_client */;
/*!40101 SET character_set_client = utf8 */;
CREATE TABLE `redis_replication_history` (
  `id` int(11) NOT NULL AUTO_INCREMENT,
  `server_id` smallint(4) NOT NULL DEFAULT '0',
  `tags` varchar(50) NOT NULL DEFAULT '',
  `host` varchar(20) DEFAULT '0',
  `port` smallint(4) DEFAULT '0',
  `role` varchar(20) DEFAULT '0',
  `master_server_id` smallint(4) NOT NULL DEFAULT '0',
  `master_host` varchar(20) DEFAULT '0',
  `master_port` varchar(20) DEFAULT '0',
  `master_link_status` varchar(20) DEFAULT '0',
  `master_last_io_seconds_ago` varchar(20) DEFAULT '0',
  `master_sync_in_progress` varchar(20) DEFAULT '0',
  `slave_priority` varchar(20) DEFAULT '0',
  `slave_read_only` varchar(20) DEFAULT '0',
  `connected_slaves` smallint(4) DEFAULT '0',
  `create_time` timestamp NOT NULL DEFAULT CURRENT_TIMESTAMP ON UPDATE CURRENT_TIMESTAMP,
  `ymdhi` bigint(18) NOT NULL DEFAULT '0',
  PRIMARY KEY (`id`)
) ENGINE=InnoDB DEFAULT CHARSET=utf8;
/*!40101 SET character_set_client = @saved_cs_client */;

--
-- Dumping data for table `redis_replication_history`
--

LOCK TABLES `redis_replication_history` WRITE;
/*!40000 ALTER TABLE `redis_replication_history` DISABLE KEYS */;
/*!40000 ALTER TABLE `redis_replication_history` ENABLE KEYS */;
UNLOCK TABLES;

--
-- Table structure for table `redis_status`
--

DROP TABLE IF EXISTS `redis_status`;
/*!40101 SET @saved_cs_client     = @@character_set_client */;
/*!40101 SET character_set_client = utf8 */;
CREATE TABLE `redis_status` (
  `id` int(10) NOT NULL AUTO_INCREMENT,
  `server_id` smallint(4) NOT NULL DEFAULT '0',
  `host` varchar(30) NOT NULL,
  `port` varchar(10) NOT NULL,
  `tags` varchar(50) NOT NULL DEFAULT '',
  `connect` smallint(4) NOT NULL DEFAULT '0',
  `redis_role` varchar(30) NOT NULL DEFAULT '-1',
  `redis_version` varchar(50) NOT NULL DEFAULT '-1',
  `redis_git_sha1` varchar(255) NOT NULL DEFAULT '-1',
  `redis_git_dirty` varchar(255) NOT NULL DEFAULT '-1',
  `redis_mode` varchar(255) NOT NULL DEFAULT '-1',
  `os` varchar(255) NOT NULL DEFAULT '-1',
  `arch_bits` varchar(10) NOT NULL DEFAULT '-1',
  `multiplexing_api` varchar(20) NOT NULL DEFAULT '-1',
  `gcc_version` varchar(20) NOT NULL DEFAULT '-1',
  `process_id` int(10) NOT NULL DEFAULT '-1',
  `run_id` varchar(255) NOT NULL DEFAULT '-1',
  `tcp_port` int(11) NOT NULL DEFAULT '-1',
  `uptime_in_seconds` int(11) NOT NULL DEFAULT '-1',
  `uptime_in_days` int(11) NOT NULL DEFAULT '-1',
  `hz` int(11) NOT NULL DEFAULT '-1',
  `lru_clock` bigint(20) NOT NULL DEFAULT '-1',
  `connected_clients` smallint(4) NOT NULL DEFAULT '-1',
  `client_longest_output_list` smallint(4) NOT NULL DEFAULT '-1',
  `client_biggest_input_buf` smallint(4) NOT NULL DEFAULT '-1',
  `blocked_clients` smallint(4) NOT NULL DEFAULT '-1',
  `used_memory` bigint(10) NOT NULL DEFAULT '-1',
  `used_memory_human` varchar(50) NOT NULL DEFAULT '-1',
  `used_memory_rss` varchar(50) NOT NULL DEFAULT '-1',
  `used_memory_peak` varchar(50) NOT NULL DEFAULT '-1',
  `used_memory_peak_human` varchar(50) NOT NULL DEFAULT '-1',
  `used_memory_lua` varchar(50) NOT NULL DEFAULT '-1',
  `mem_fragmentation_ratio` varchar(50) NOT NULL DEFAULT '-1',
  `mem_allocator` varchar(50) NOT NULL DEFAULT '-1',
  `loading` smallint(4) NOT NULL DEFAULT '-1',
  `rdb_changes_since_last_save` smallint(4) NOT NULL DEFAULT '-1',
  `rdb_bgsave_in_progress` smallint(4) NOT NULL DEFAULT '-1',
  `rdb_last_save_time` bigint(18) NOT NULL DEFAULT '-1',
  `rdb_last_bgsave_status` varchar(10) NOT NULL DEFAULT '-1',
  `rdb_last_bgsave_time_sec` smallint(4) NOT NULL DEFAULT '-1',
  `rdb_current_bgsave_time_sec` smallint(4) NOT NULL DEFAULT '-1',
  `aof_enabled` smallint(4) NOT NULL DEFAULT '-1',
  `aof_rewrite_in_progress` smallint(4) NOT NULL DEFAULT '-1',
  `aof_rewrite_scheduled` smallint(4) NOT NULL DEFAULT '-1',
  `aof_last_rewrite_time_sec` smallint(4) NOT NULL DEFAULT '-1',
  `aof_current_rewrite_time_sec` smallint(4) NOT NULL DEFAULT '-1',
  `aof_last_bgrewrite_status` varchar(10) NOT NULL DEFAULT '-1',
  `total_connections_received` bigint(18) NOT NULL DEFAULT '-1',
  `total_commands_processed` bigint(18) NOT NULL DEFAULT '-1',
  `current_commands_processed` smallint(4) NOT NULL DEFAULT '-1',
  `instantaneous_ops_per_sec` smallint(4) NOT NULL DEFAULT '-1',
  `rejected_connections` smallint(4) NOT NULL DEFAULT '-1',
  `expired_keys` int(10) NOT NULL DEFAULT '-1',
  `evicted_keys` int(10) NOT NULL DEFAULT '-1',
  `keyspace_hits` int(10) NOT NULL DEFAULT '-1',
  `keyspace_misses` int(10) NOT NULL DEFAULT '-1',
  `pubsub_channels` int(10) NOT NULL DEFAULT '-1',
  `pubsub_patterns` int(10) NOT NULL DEFAULT '-1',
  `latest_fork_usec` int(10) NOT NULL DEFAULT '-1',
  `used_cpu_sys` decimal(10,2) NOT NULL DEFAULT '-1.00',
  `used_cpu_user` double(10,2) NOT NULL DEFAULT '-1.00',
  `used_cpu_sys_children` int(10) NOT NULL DEFAULT '-1',
  `used_cpu_user_children` int(10) NOT NULL DEFAULT '-1',
  `create_time` timestamp NOT NULL DEFAULT CURRENT_TIMESTAMP ON UPDATE CURRENT_TIMESTAMP,
  PRIMARY KEY (`id`),
  KEY `idx_server_id` (`server_id`) USING BTREE
) ENGINE=InnoDB DEFAULT CHARSET=utf8;
/*!40101 SET character_set_client = @saved_cs_client */;

--
-- Dumping data for table `redis_status`
--

LOCK TABLES `redis_status` WRITE;
/*!40000 ALTER TABLE `redis_status` DISABLE KEYS */;
/*!40000 ALTER TABLE `redis_status` ENABLE KEYS */;
UNLOCK TABLES;

--
-- Table structure for table `redis_status_history`
--

DROP TABLE IF EXISTS `redis_status_history`;
/*!40101 SET @saved_cs_client     = @@character_set_client */;
/*!40101 SET character_set_client = utf8 */;
CREATE TABLE `redis_status_history` (
  `id` int(10) NOT NULL AUTO_INCREMENT,
  `server_id` smallint(4) NOT NULL DEFAULT '0',
  `host` varchar(30) NOT NULL,
  `port` varchar(10) NOT NULL,
  `tags` varchar(50) NOT NULL DEFAULT '',
  `connect` smallint(4) NOT NULL DEFAULT '0',
  `redis_role` varchar(30) NOT NULL DEFAULT '-1',
  `redis_version` varchar(50) NOT NULL DEFAULT '0',
  `redis_git_sha1` varchar(255) NOT NULL DEFAULT '-1',
  `redis_git_dirty` varchar(255) NOT NULL DEFAULT '-1',
  `redis_mode` varchar(255) NOT NULL DEFAULT '-1',
  `os` varchar(255) NOT NULL DEFAULT '-1',
  `arch_bits` varchar(10) NOT NULL DEFAULT '-1',
  `multiplexing_api` varchar(20) NOT NULL DEFAULT '-1',
  `gcc_version` varchar(20) NOT NULL DEFAULT '-1',
  `process_id` int(10) NOT NULL DEFAULT '-1',
  `run_id` varchar(255) NOT NULL DEFAULT '-1',
  `tcp_port` int(11) NOT NULL DEFAULT '-1',
  `uptime_in_seconds` int(11) NOT NULL DEFAULT '-1',
  `uptime_in_days` int(11) NOT NULL DEFAULT '-1',
  `hz` int(11) NOT NULL DEFAULT '-1',
  `lru_clock` bigint(20) NOT NULL DEFAULT '-1',
  `connected_clients` smallint(4) NOT NULL DEFAULT '-1',
  `client_longest_output_list` smallint(4) NOT NULL DEFAULT '-1',
  `client_biggest_input_buf` smallint(4) NOT NULL DEFAULT '-1',
  `blocked_clients` smallint(4) NOT NULL DEFAULT '-1',
  `used_memory` bigint(10) NOT NULL DEFAULT '-1',
  `used_memory_human` varchar(50) NOT NULL DEFAULT '-1',
  `used_memory_rss` varchar(50) NOT NULL DEFAULT '-1',
  `used_memory_peak` varchar(50) NOT NULL DEFAULT '-1',
  `used_memory_peak_human` varchar(50) NOT NULL DEFAULT '-1',
  `used_memory_lua` varchar(50) NOT NULL DEFAULT '-1',
  `mem_fragmentation_ratio` varchar(50) NOT NULL DEFAULT '-1',
  `mem_allocator` varchar(50) NOT NULL DEFAULT '-1',
  `loading` smallint(4) NOT NULL DEFAULT '-1',
  `rdb_changes_since_last_save` smallint(4) NOT NULL DEFAULT '-1',
  `rdb_bgsave_in_progress` smallint(4) NOT NULL DEFAULT '-1',
  `rdb_last_save_time` bigint(18) NOT NULL DEFAULT '-1',
  `rdb_last_bgsave_status` varchar(10) NOT NULL DEFAULT '-1',
  `rdb_last_bgsave_time_sec` smallint(4) NOT NULL DEFAULT '-1',
  `rdb_current_bgsave_time_sec` smallint(4) NOT NULL DEFAULT '-1',
  `aof_enabled` smallint(4) NOT NULL DEFAULT '-1',
  `aof_rewrite_in_progress` smallint(4) NOT NULL DEFAULT '-1',
  `aof_rewrite_scheduled` smallint(4) NOT NULL DEFAULT '-1',
  `aof_last_rewrite_time_sec` smallint(4) NOT NULL DEFAULT '-1',
  `aof_current_rewrite_time_sec` smallint(4) NOT NULL DEFAULT '-1',
  `aof_last_bgrewrite_status` varchar(10) NOT NULL DEFAULT '-1',
  `total_connections_received` bigint(18) NOT NULL DEFAULT '-1',
  `total_commands_processed` bigint(18) NOT NULL DEFAULT '-1',
  `current_commands_processed` smallint(4) NOT NULL DEFAULT '-1',
  `instantaneous_ops_per_sec` smallint(4) NOT NULL DEFAULT '-1',
  `rejected_connections` smallint(4) NOT NULL DEFAULT '-1',
  `expired_keys` int(10) NOT NULL DEFAULT '-1',
  `evicted_keys` int(10) NOT NULL DEFAULT '-1',
  `keyspace_hits` int(10) NOT NULL DEFAULT '-1',
  `keyspace_misses` int(10) NOT NULL DEFAULT '-1',
  `pubsub_channels` int(10) NOT NULL DEFAULT '-1',
  `pubsub_patterns` int(10) NOT NULL DEFAULT '-1',
  `latest_fork_usec` int(10) NOT NULL DEFAULT '-1',
  `used_cpu_sys` decimal(10,2) NOT NULL DEFAULT '-1.00',
  `used_cpu_user` double(10,2) NOT NULL DEFAULT '-1.00',
  `used_cpu_sys_children` int(10) NOT NULL DEFAULT '-1',
  `used_cpu_user_children` int(10) NOT NULL DEFAULT '-1',
  `create_time` timestamp NOT NULL DEFAULT CURRENT_TIMESTAMP ON UPDATE CURRENT_TIMESTAMP,
  `ymdhi` bigint(20) DEFAULT NULL,
  PRIMARY KEY (`id`),
  KEY `idx_server_id` (`server_id`) USING BTREE
) ENGINE=InnoDB DEFAULT CHARSET=utf8;
/*!40101 SET character_set_client = @saved_cs_client */;

--
-- Dumping data for table `redis_status_history`
--

LOCK TABLES `redis_status_history` WRITE;
/*!40000 ALTER TABLE `redis_status_history` DISABLE KEYS */;
/*!40000 ALTER TABLE `redis_status_history` ENABLE KEYS */;
UNLOCK TABLES;

--
-- Table structure for table `test`
--

DROP TABLE IF EXISTS `test`;
/*!40101 SET @saved_cs_client     = @@character_set_client */;
/*!40101 SET character_set_client = utf8 */;
CREATE TABLE `test` (
  `id` int(11) DEFAULT NULL
) ENGINE=InnoDB DEFAULT CHARSET=utf8;
/*!40101 SET character_set_client = @saved_cs_client */;

--
-- Dumping data for table `test`
--

LOCK TABLES `test` WRITE;
/*!40000 ALTER TABLE `test` DISABLE KEYS */;
/*!40000 ALTER TABLE `test` ENABLE KEYS */;
UNLOCK TABLES;
/*!40103 SET TIME_ZONE=@OLD_TIME_ZONE */;

/*!40101 SET SQL_MODE=@OLD_SQL_MODE */;
/*!40014 SET FOREIGN_KEY_CHECKS=@OLD_FOREIGN_KEY_CHECKS */;
/*!40014 SET UNIQUE_CHECKS=@OLD_UNIQUE_CHECKS */;
/*!40101 SET CHARACTER_SET_CLIENT=@OLD_CHARACTER_SET_CLIENT */;
/*!40101 SET CHARACTER_SET_RESULTS=@OLD_CHARACTER_SET_RESULTS */;
/*!40101 SET COLLATION_CONNECTION=@OLD_COLLATION_CONNECTION */;
/*!40111 SET SQL_NOTES=@OLD_SQL_NOTES */;

-- Dump completed on 2016-02-26 18:14:39
